,specimenID,libraryID,assay,platform,RIN,rnaBatch,libraryBatch,sequencingBatch,libraryPrep,libraryPreparationMethod,libraryType,sampleBarcode,isStranded,readStrandOrigin,readLength,runType,totalReads,validBarcodeReads,numberCells,medianGenes,medianUMIs,referenceSet,transposaseBatch,chromiumSampleIndex,pcrCycles,meanCoverage,meanGCContent,Q30BasesinRead1,Q30BasesinRead2,specimen_suffix
0,M2XM_210708_201-R_A01,L8XR_210715_01_D12,"scrnaSeq,ATACSeq",IlluminaNovaseq6000,8.75,A8XR_210713_01,L8XR_210715_01,MTX-2016,polyAselection,10x,cDNA,,False,forward,50bp,pairedEnd,1467291887,1405665628,12256,2376.0,5072.0,GRCh38,R8XR-21080401,SI-TT-D12_i7,,,,0.9351,0.958,-L8XR_210715_01_D12-1121747486
1,M2XM_210708_201-R_B01,L8XR_210715_01_E12,"scrnaSeq,ATACSeq",IlluminaNovaseq6000,9.07,A8XR_210713_01,L8XR_210715_01,MTX-2016,polyAselection,10x,cDNA,,False,forward,50bp,pairedEnd,1224101848,1174036082,4640,1216.0,1866.0,GRCh38,R8XR-21080401,SI-TT-E12_i7,,,,0.9377,0.9591,-L8XR_210715_01_E12-1121747487
2,M2XM_210708_201-R_C01,L8XR_210715_01_A12,"scrnaSeq,ATACSeq",IlluminaNovaseq6000,8.67,A8XR_210713_01,L8XR_210715_01,MTX-2017,polyAselection,10x,cDNA,,False,forward,50bp,pairedEnd,867972117,822143189,13008,4104.0,10587.0,GRCh38,R8XR-21080402,SI-TT-A12_i7,,,,0.9585,0.9472,-L8XR_210715_01_A12-1121939868
3,M2XM_210716_201-R_A01,L8XR_210722_01_D08,"scrnaSeq,ATACSeq",IlluminaNovaseq6000,9.55,A8XR_210720_01,L8XR_210722_01,MTX-2017,polyAselection,10x,cDNA,,False,forward,50bp,pairedEnd,1270343249,1202125817,4048,4374.0,14709.0,GRCh38,R8XR-21080402,SI-TT-D8_i7,,,,0.9277,0.9463,-L8XR_210722_01_D08-1122543703
4,M2XM_210716_201-R_B01,L8XR_210722_01_B08,"scrnaSeq,ATACSeq",IlluminaNovaseq6000,8.57,A8XR_210720_01,L8XR_210722_01,MTX-2017,polyAselection,10x,cDNA,,False,forward,50bp,pairedEnd,1440758767,1362957794,7906,6784.0,33082.0,GRCh38,R8XR-21080402,SI-TT-B8_i7,,,,0.9493,0.946,-L8XR_210722_01_B08-1122543704
5,M2XM_210716_201-R_C01,L8XR_210722_01_H07,"scrnaSeq,ATACSeq",IlluminaNovaseq6000,9.08,A8XR_210720_01,L8XR_210722_01,MTX-2017,polyAselection,10x,cDNA,,False,forward,50bp,pairedEnd,1611547153,1525812844,7217,6847.0,29158.0,GRCh38,R8XR-21080402,SI-TT-H7_i7,,,,0.9531,0.9468,-L8XR_210722_01_H07-1122543705
6,M2XM_210723_201-R_A01,L8XR_210729_01_B09,"scrnaSeq,ATACSeq",IlluminaNovaseq6000,8.82,A8XR_210727_01,L8XR_210729_01,MTX-2017,polyAselection,10x,cDNA,,False,forward,50bp,pairedEnd,1398497495,1319482387,16153,3163.0,7674.0,GRCh38,R8XR-21080402,SI-TT-B9_i7,,,,0.9571,0.9435,-L8XR_210729_01_B09-1122543706
7,M2XM_210723_201-R_B01,L8XR_210729_01_E09,"scrnaSeq,ATACSeq",IlluminaNovaseq6000,8.98,A8XR_210727_01,L8XR_210729_01,MTX-2017,polyAselection,10x,cDNA,,False,forward,50bp,pairedEnd,1150336381,1086607745,10832,3076.0,7854.0,GRCh38,R8XR-21080402,SI-TT-E9_i7,,,,0.9513,0.9446,-L8XR_210729_01_E09-1122543707
8,M2XM_210723_201-R_C01,L8XR_210729_01_C09,"scrnaSeq,ATACSeq",IlluminaNovaseq6000,8.65,A8XR_210727_01,L8XR_210729_01,MTX-2017,polyAselection,10x,cDNA,,False,forward,50bp,pairedEnd,1517554047,1435909639,11793,3709.0,9452.0,GRCh38,R8XR-21080402,SI-TT-C9_i7,,,,0.9541,0.9462,-L8XR_210729_01_C09-1122543708
9,M2XM_210723_201-R_D01,L8XR_210729_01_D09,"scrnaSeq,ATACSeq",IlluminaNovaseq6000,8.82,A8XR_210727_01,L8XR_210729_01,MTX-2018,polyAselection,10x,cDNA,,False,forward,50bp,pairedEnd,1204987596,1148473678,13671,3145.0,8295.0,GRCh38,R8XR-21081701,SI-TT-D9_i7,,,,0.9528,0.9531,-L8XR_210729_01_D09-1124629224
10,M2XM_210730_201-R_A01,L8XR_210805_01_H09,"scrnaSeq,ATACSeq",IlluminaNovaseq6000,9.43,A8XR_210803_01,L8XR_210805_01,MTX-2018,polyAselection,10x,cDNA,,False,forward,50bp,pairedEnd,962292890,918316105,11283,5613.0,20349.0,GRCh38,R8XR-21081701,SI-TT-H9_i7,,,,0.9583,0.9543,-L8XR_210805_01_H09-1124629228
11,M2XM_210730_201-R_B01,L8XR_210805_01_E10,"scrnaSeq,ATACSeq",IlluminaNovaseq6000,8.68,A8XR_210803_01,L8XR_210805_01,MTX-2018,polyAselection,10x,cDNA,,False,forward,50bp,pairedEnd,1260147790,1201550918,11331,4567.0,15392.0,GRCh38,R8XR-21081701,SI-TT-E10_i7,,,,0.947,0.9535,-L8XR_210805_01_E10-1124629229
12,M2XM_210806_201-R_A01,L8XR_210812_01_D11,"scrnaSeq,ATACSeq",IlluminaNovaseq6000,8.87,A8XR_210810_01,L8XR_210812_01,MTX-2019,polyAselection,10x,cDNA,,False,forward,50bp,pairedEnd,1254887166,1201303484,7334,6154.0,24398.0,GRCh38,R8XR-21081702,SI-TT-D11_i7,,,,0.9517,0.9573,-L8XR_210812_01_D11-1124987482
13,M2XM_210806_201-R_B01,L8XR_210812_01_A12,"scrnaSeq,ATACSeq",IlluminaNovaseq6000,8.6,A8XR_210810_01,L8XR_210812_01,MTX-2019,polyAselection,10x,cDNA,,False,forward,50bp,pairedEnd,1351383500,1295436223,5885,7017.0,39022.0,GRCh38,R8XR-21081702,SI-TT-A12_i7,,,,0.9464,0.9586,-L8XR_210812_01_A12-1124987483
14,M2XM_210809_201-R_A01,L8XR_210812_01_F11,"scrnaSeq,ATACSeq",IlluminaNovaseq6000,7.87,A8XR_210810_01,L8XR_210812_01,MTX-2019,polyAselection,10x,cDNA,,False,forward,50bp,pairedEnd,1595096246,1521721819,19696,2712.0,5496.0,GRCh38,R8XR-21081702,SI-TT-F11_i7,,,,0.9508,0.954,-L8XR_210812_01_F11-1124987484
15,M2XM_210809_201-R_B01,L8XR_210812_01_E11,"scrnaSeq,ATACSeq",IlluminaNovaseq6000,9.48,A8XR_210810_01,L8XR_210812_01,MTX-2020,polyAselection,10x,cDNA,,False,forward,50bp,pairedEnd,1412205191,1340747608,7441,6347.0,25975.0,GRCh38,R8XR-21082401,SI-TT-E11_i7,,,,0.9535,0.9494,-L8XR_210812_01_E11-1126220036
16,M2XM_210820_206-R_A01,L8XR_210826_01_G03,"scrnaSeq,ATACSeq",IlluminaNovaseq6000,9.17,A8XR_210824_01,L8XR_210826_01,MTX-2022,polyAselection,10x,cDNA,,False,forward,50bp,pairedEnd,832316316,800355369,11499,4547.0,15721.0,GRCh38,R8XR-21090801,SI-TT-G3_i7,,,,0.7847,0.9616,-L8XR_210826_01_G03-1129238386
17,M2XM_210827_202-R_A01,L8XR_210902_02_B08,"scrnaSeq,ATACSeq",IlluminaNovaseq6000,7.83,A8XR_210831_01,L8XR_210902_02,MTX-2023,polyAselection,10x,cDNA,,False,forward,50bp,pairedEnd,1648336455,1573666814,7822,6737.0,33226.0,GRCh38,R8XR-21091401,SI-TT-B8_i7,,,,0.9506,0.9547,-L8XR_210902_02_B08-1131257169
18,M2XM_210827_202-R_B01,L8XR_210902_02_D08,"scrnaSeq,ATACSeq",IlluminaNovaseq6000,6.3,A8XR_210831_01,L8XR_210902_02,MTX-2023,polyAselection,10x,cDNA,,False,forward,50bp,pairedEnd,1674060687,1590357653,5863,2702.0,6576.0,GRCh38,R8XR-21091401,SI-TT-D8_i7,,,,0.929,0.95,-L8XR_210902_02_D08-1131257170
19,M2XM_210913_206-R_A01,L8XR_210916_02_B11,"scrnaSeq,ATACSeq",IlluminaNovaseq6000,9.6,A8XR_210914_02,L8XR_210916_02,MTX-2024,polyAselection,10x,cDNA,,False,forward,50bp,pairedEnd,464122915,442401963,3797,6313.0,26588.0,GRCh38,R8XR-21092101,SI-TT-B11_i7,,,,0.9562,0.9532,-L8XR_210916_02_B11-1131607954
20,M2XM_210924_211-R_A01,L8XR_210930_02_C03,"scrnaSeq,ATACSeq",IlluminaNovaseq6000,9.2,A8XR_210928_02,L8XR_210930_02,MTX-2027,polyAselection,10x,cDNA,,False,forward,50bp,pairedEnd,1189463429,1144382765,11141,3934.0,7902.0,GRCh38,R8XR-21101201,SI-TT-C3_i7,,,,0.9504,0.9621,-L8XR_210930_02_C03-1135448412
21,M2XM_210924_211-R_B01,L8XR_211007_02_F03,"scrnaSeq,ATACSeq",IlluminaNovaseq6000,8.1,A8XR_210928_02,L8XR_211007_02,MTX-2027,polyAselection,10x,cDNA,,False,forward,50bp,pairedEnd,1395993909,1345458929,9904,5501.0,19220.0,GRCh38,R8XR-21101201,SI-TT-F3_i7,,,,0.9596,0.9638,-L8XR_211007_02_F03-1135448413
22,M2XM_211001_216-R_A01,L8XR_211007_02_G03,"scrnaSeq,ATACSeq",IlluminaNovaseq6000,9.43,A8XR_211005_02,L8XR_211007_02,MTX-2028,polyAselection,10x,cDNA,,False,forward,50bp,pairedEnd,1189491124,1139651446,10137,5995.0,22737.0,GRCh38,R8XR-21101202,SI-TT-G3_i7,,,,0.9595,0.9581,-L8XR_211007_02_G03-1135704088
23,M2XM_211001_216-R_B01,L8XR_211007_02_C04,"scrnaSeq,ATACSeq",IlluminaNovaseq6000,8.4,A8XR_211005_02,L8XR_211007_02,MTX-2028,polyAselection,10x,cDNA,,False,forward,50bp,pairedEnd,1290668807,1236202583,9215,4867.0,20155.0,GRCh38,R8XR-21101202,SI-TT-C4_i7,,,,0.9499,0.9578,-L8XR_211007_02_C04-1135704089
24,M2XM_211008_217-R_A01,L8XR_211014_02_D05,"scrnaSeq,ATACSeq",IlluminaNovaseq6000,8.63,A8XR_211012_02,L8XR_211014_02,MTX-2030,polyAselection,10x,cDNA,,False,forward,50bp,pairedEnd,1067360392,1029255626,8167,5290.0,21324.0,GRCh38,R8XR-21101902,SI-TT-D5_i7,,,,0.9541,0.9643,-L8XR_211014_02_D05-1136687625
25,M2XM_211008_217-R_B01,L8XR_211014_02_H05,"scrnaSeq,ATACSeq",IlluminaNovaseq6000,5.93,A8XR_211012_02,L8XR_211014_02,MTX-2030,polyAselection,10x,cDNA,,False,forward,50bp,pairedEnd,1534029614,1475736489,7345,4992.0,22151.0,GRCh38,R8XR-21101902,SI-TT-H5_i7,,,,0.9309,0.962,-L8XR_211014_02_H05-1136687627
26,M2XM_211015_217-R_A01,L8XR_211021_02_E08,"scrnaSeq,ATACSeq",IlluminaNovaseq6000,7.9,A8XR_211019_02,L8XR_211021_02,MTX-2032,polyAselection,10x,cDNA,,False,forward,50bp,pairedEnd,1787007943,1713383216,2884,3686.0,11215.0,GRCh38,R8XR-21102602,SI-TT-E8_i7,,,,0.9216,0.9588,-L8XR_211021_02_E08-1138433803
27,M2XM_211015_217-R_B01,L8XR_211021_02_G06,"scrnaSeq,ATACSeq",IlluminaNovaseq6000,9.37,A8XR_211019_02,L8XR_211021_02,MTX-2032,polyAselection,10x,cDNA,,False,forward,50bp,pairedEnd,1274075365,1226807169,9993,5930.0,25277.0,GRCh38,R8XR-21102602,SI-TT-G6_i7,,,,0.9591,0.9629,-L8XR_211021_02_G06-1138433804
28,1122_C03,L8XR_220310_02_G04,"scrnaSeq,ATACSeq",IlluminaNovaseq6000,9.48,A8XR_220308_01,L8XR_220310_02,MTX-2066,polyAselection,10x,cDNA,,False,forward,50bp,pairedEnd,1424925308,1343419580,5720,7116.0,32563.0,GRCh38,R8XR-22031504,SI-TT-G4_i7,,,,0.9594,0.9456,-L8XR_220310_02_G04-1165966745
29,1085_B01,L8XR_220217_02_E09,"scrnaSeq,ATACSeq",IlluminaNovaseq6000,9.55,A8XR_220215_01,L8XR_220217_02,MTX-2061,polyAselection,10x,cDNA,,False,forward,50bp,pairedEnd,1592840745,1501889538,4743,5708.0,26422.0,GRCh38,R8XR-22030103,SI-TT-E9_i7,,,,0.9621,0.946,-L8XR_220217_02_E09-1162838089
30,1122_A03,L8XR_220310_02_A05,"scrnaSeq,ATACSeq",IlluminaNovaseq6000,9.04,A8XR_220308_01,L8XR_220310_02,MTX-2065,polyAselection,10x,cDNA,,False,forward,50bp,pairedEnd,1159538081,1065847404,7531,5697.0,19256.0,GRCh38,R8XR-22031503,SI-TT-A5_i7,,,,0.97,0.96,-L8XR_220310_02_A05-1165958295
31,1101_B01,L8XR_220303_02_E02,"scrnaSeq,ATACSeq",IlluminaNovaseq6000,8.4,A8XR_220301_01,L8XR_220303_02,MTX-2063,polyAselection,10x,cDNA,,False,forward,50bp,pairedEnd,935246945,868563838,5678,1444.5,2382.5,GRCh38,R8XR-22030803,SI-TT-E2_i7,,,,0.9449,0.9514,-L8XR_220303_02_E02-1164432740
32,1135_C01,L8XR_220310_02_E05,"scrnaSeq,ATACSeq",IlluminaNovaseq6000,9.43,A8XR_220308_01,L8XR_220310_02,MTX-2068,polyAselection,10x,cDNA,,False,forward,50bp,pairedEnd,1115427588,1057202268,4510,6472.5,24948.0,GRCh38,R8XR-22032204,SI-TT-E5_i7,,,,0.9616,0.9538,-L8XR_220310_02_E05-1167718958
33,1085_A01,L8XR_220217_02_C09,"scrnaSeq,ATACSeq",IlluminaNovaseq6000,8.57,A8XR_220215_01,L8XR_220217_02,MTX-2060,polyAselection,10x,cDNA,,False,forward,50bp,pairedEnd,1787049921,1711457709,5780,7016.0,37443.0,GRCh38,R8XR-22022203,SI-TT-C9_i7,,,,0.9585,0.9533,-L8XR_220217_02_C09-1161963112
34,1101_A01,L8XR_220303_03_H12,"scrnaSeq,ATACSeq",IlluminaNovaseq6000,8.68,A8XR_220301_01,L8XR_220303_03,MTX-2063,polyAselection,10x,cDNA,,False,forward,50bp,pairedEnd,851716464,786219468,5253,1744.0,3281.0,GRCh38,R8XR-22030803,SI-TT-H12_i7,,,,0.9566,0.9525,-L8XR_220303_03_H12-1164432738
35,1070_B01,L8XR_220210_03_G06,"scrnaSeq,ATACSeq",IlluminaNovaseq6000,8.1,A8XR_220208_01,L8XR_220110_03,MTX-2058,polyAselection,10x,cDNA,,False,forward,50bp,pairedEnd,1427312362,1352949388,12686,1626.0,2631.5,GRCh38,R8XR-22022201,SI-TT-G6_i7,,,,0.9427,0.9361,-L8XR_220210_03_G06-1161252190
36,1101_C01,L8XR_220303_03_D01,"scrnaSeq,ATACSeq",IlluminaNovaseq6000,9.53,A8XR_220301_01,L8XR_220303_03,MTX-2063,polyAselection,10x,cDNA,,False,forward,50bp,pairedEnd,887233498,820513539,6139,1916.0,3818.0,GRCh38,R8XR-22030803,SI-TT-D1_i7,,,,0.959,0.951,-L8XR_220303_03_D01-1164432741
37,1087_C02,L8XR_220224_03_G10,"scrnaSeq,ATACSeq",IlluminaNovaseq6000,9.08,A8XR_220222_01,L8XR_220224_03,MTX-2061,polyAselection,10x,cDNA,,False,forward,50bp,pairedEnd,1093349349,1033324470,6463,6628.0,27547.0,GRCh38,R8XR-22030103,SI-TT-G10_i7,,,,0.9541,0.9401,-L8XR_220224_03_G10-1162838092
38,1103_C02,L8XR_220303_03_G01,"scrnaSeq,ATACSeq",IlluminaNovaseq6000,8.6,A8XR_220301_01,L8XR_220303_03,MTX-2063,polyAselection,10x,cDNA,,False,forward,50bp,pairedEnd,904034460,837678331,6352,2700.5,5982.0,GRCh38,R8XR-22030803,SI-TT-G1_i7,,,,0.9641,0.9506,-L8XR_220303_03_G01-1164432744
39,1181_A01,L8XR_220331_02_D11,"scrnaSeq,ATACSeq",IlluminaNovaseq6000,9.6,A8XR_220329_01,L8XR_220331_02,MTX-2072,polyAselection,10x,cDNA,,False,forward,50bp,pairedEnd,955557644,903097529,4024,6695.5,29891.0,GRCh38,R8XR-22040503,SI-TT-D11_i7,,,,0.9636,0.9548,-L8XR_220331_02_D11-1170314858
40,1103_A02,L8XR_220303_03_E01,"scrnaSeq,ATACSeq",IlluminaNovaseq6000,8.87,A8XR_220301_01,L8XR_220303_03,MTX-2063,polyAselection,10x,cDNA,,False,forward,50bp,pairedEnd,972266845,900708005,4963,3356.0,8824.0,GRCh38,R8XR-22030803,SI-TT-E1_i7,,,,0.9646,0.9524,-L8XR_220303_03_E01-1164432742
41,1070_A01,L8XR_220210_03_F06,"scrnaSeq,ATACSeq",IlluminaNovaseq6000,9.07,A8XR_220208_01,L8XR_220110_03,MTX-2058,polyAselection,10x,cDNA,,False,forward,50bp,pairedEnd,1156152185,1093951197,5549,4444.0,13494.0,GRCh38,R8XR-22022201,SI-TT-F6_i7,,,,0.9379,0.9365,-L8XR_220210_03_F06-1161252189
42,1103_B02,L8XR_220303_03_F01,"scrnaSeq,ATACSeq",IlluminaNovaseq6000,8.65,A8XR_220301_01,L8XR_220303_03,MTX-2063,polyAselection,10x,cDNA,,False,forward,50bp,pairedEnd,987280024,914221302,6456,2275.0,4564.0,GRCh38,R8XR-22030803,SI-TT-F1_i7,,,,0.9651,0.9515,-L8XR_220303_03_F01-1164432743
43,1087_A02,L8XR_220224_03_F09,"scrnaSeq,ATACSeq",IlluminaNovaseq6000,9.43,A8XR_220222_01,L8XR_220224_03,MTX-2061,polyAselection,10x,cDNA,,False,forward,50bp,pairedEnd,1010275411,952790740,7915,6443.0,26659.0,GRCh38,R8XR-22030103,SI-TT-F9_i7,,,,0.9597,0.9454,-L8XR_220224_03_F09-1162838090
44,1122_B03,L8XR_220310_02_C05,"scrnaSeq,ATACSeq",IlluminaNovaseq6000,8.82,A8XR_220308_01,L8XR_220310_02,MTX-2066,polyAselection,10x,cDNA,,False,forward,50bp,pairedEnd,1534732398,1447866544,6749,7010.0,37127.0,GRCh38,R8XR-22031504,SI-TT-C5_i7,,,,0.972,0.9584,-L8XR_220310_02_C05-1165966744
45,1070_C01,L8XR_220210_02_G05,"scrnaSeq,ATACSeq",IlluminaNovaseq6000,8.75,A8XR_220208_01,L8XR_220110_02,MTX-2058,polyAselection,10x,cDNA,,False,forward,50bp,pairedEnd,1502029778,1425125853,10157,4069.0,13068.0,GRCh38,R8XR-22022201,SI-TT-G5_i7,,,,0.9431,0.9306,-L8XR_220210_02_G05-1161252191
46,1087_B02,L8XR_220224_03_F10,"scrnaSeq,ATACSeq",IlluminaNovaseq6000,8.82,A8XR_220222_01,L8XR_220224_03,MTX-2061,polyAselection,10x,cDNA,,False,forward,50bp,pairedEnd,874698904,824753597,4699,6395.0,28490.0,GRCh38,R8XR-22030103,SI-TT-F10_i7,,,,0.9603,0.946,-L8XR_220224_03_F10-1162838091
47,1135_A01,L8XR_220310_02_D05,"scrnaSeq,ATACSeq",IlluminaNovaseq6000,9.17,A8XR_220308_01,L8XR_220310_02,MTX-2067,polyAselection,10x,cDNA,,False,forward,50bp,pairedEnd,1299403225,1263669636,6323,5380.0,20299.0,GRCh38,R8XR-22031505,SI-TT-D5_i7,,,,0.9597,0.9449,-L8XR_220310_02_D05-1166416810
48,1135_B01,L8XR_220310_02_E03,"scrnaSeq,ATACSeq",IlluminaNovaseq6000,9.17,A8XR_220308_01,L8XR_220310_02,MTX-2067,polyAselection,10x,cDNA,,False,forward,50bp,pairedEnd,615798361,598863906,5389,5306.0,17386.0,GRCh38,R8XR-22031505,SI-TT-E3_i7,,,,0.9582,0.9459,-L8XR_220310_02_E03-1166416811
49,1406_A09,L8XR_220908_02_B09,"scrnaSeq,ATACSeq",IlluminaNovaseq6000,8.82,A8XR_220906_02,L8XR_220908_02,MTX-2105,polyAselection,10x,cDNA,,False,forward,50bp,pairedEnd,2382021153,2249580777,8250,5928.5,25877.5,GRCh38,R8XR-22091302,SI-TT-B9_i7,,,,0.9388,0.9514,-L8XR_220908_02_B09-1212705195
50,1406_B09,L8XR_220908_02_F09,"scrnaSeq,ATACSeq",IlluminaNovaseq6000,9.08,A8XR_220906_02,L8XR_220908_02,MTX-2105,polyAselection,10x,cDNA,,False,forward,50bp,pairedEnd,1054187233,996312354,8486,4146.0,13171.0,GRCh38,R8XR-22091302,SI-TT-F9_i7,,,,0.9632,0.949,-L8XR_220908_02_F09-1212705196
51,1406_C09,L8XR_220908_02_C09,"scrnaSeq,ATACSeq",IlluminaNovaseq6000,8.57,A8XR_220906_02,L8XR_220908_02,MTX-2105,polyAselection,10x,cDNA,,False,forward,50bp,pairedEnd,1458062974,1379619186,12669,5585.0,21895.0,GRCh38,R8XR-22091302,SI-TT-C9_i7,,,,0.9373,0.9493,-L8XR_220908_02_C09-1212705197
52,1423_A06,L8XR_220922_02_C04,"scrnaSeq,ATACSeq",IlluminaNovaseq6000,9.55,A8XR_220920_01,L8XR_220922_02,MTX-2107,polyAselection,10x,cDNA,,False,forward,50bp,pairedEnd,1028295711,973796038,7655,2837.0,7256.0,GRCh38,R8XR-22100401,SI-TT-C4_i7,,,,0.9542,0.9421,-L8XR_220922_02_C04-1217129212
53,1423_B06,L8XR_220922_02_D04,"scrnaSeq,ATACSeq",IlluminaNovaseq6000,8.68,A8XR_220920_01,L8XR_220922_02,MTX-2107,polyAselection,10x,cDNA,,False,forward,50bp,pairedEnd,1225602437,1160155267,8525,3189.0,7954.0,GRCh38,R8XR-22100401,SI-TT-D4_i7,,,,0.9545,0.9419,-L8XR_220922_02_D04-1217129213
54,1423_C06,L8XR_220922_02_H12,"scrnaSeq,ATACSeq",IlluminaNovaseq6000,8.4,A8XR_220920_01,L8XR_220922_02,MTX-2107,polyAselection,10x,cDNA,,False,forward,50bp,pairedEnd,993741098,939383460,8519,2175.0,4596.0,GRCh38,R8XR-22100401,SI-TT-H12_i7,,,,0.9533,0.9399,-L8XR_220922_02_H12-1217129214
55,1413_A06,L8XR_220915_01_C09,"scrnaSeq,ATACSeq",IlluminaNovaseq6000,9.07,A8XR_220913_01,L8XR_220915_01,MTX-2106,polyAselection,10x,cDNA,,False,forward,50bp,pairedEnd,1938579536,1856771480,7808,5717.0,24572.5,GRCh38,R8XR-22092002,SI-TT-C9_i7,,,,0.9426,0.9427,-L8XR_220915_01_C09-1214626874
56,1413_B06,L8XR_220915_01_A09,"scrnaSeq,ATACSeq",IlluminaNovaseq6000,8.1,A8XR_220913_01,L8XR_220915_01,MTX-2106,polyAselection,10x,cDNA,,False,forward,50bp,pairedEnd,1294517775,1240018577,6196,5532.0,21053.0,GRCh38,R8XR-22092002,SI-TT-A9_i7,,,,0.9269,0.9418,-L8XR_220915_01_A09-1214626875
57,1413_C06,L8XR_220915_01_D09,"scrnaSeq,ATACSeq",IlluminaNovaseq6000,9.43,A8XR_220913_01,L8XR_220915_01,MTX-2106,polyAselection,10x,cDNA,,False,forward,50bp,pairedEnd,545201028,522248065,2323,5132.0,17874.0,GRCh38,R8XR-22092002,SI-TT-D9_i7,,,,0.9325,0.9401,-L8XR_220915_01_D09-1214626876
58,1434_A08,L8XR_220929_01_A11,"scrnaSeq,ATACSeq",IlluminaNovaseq6000,8.87,A8XR_220927_01,L8XR_220929_01,MTX-2108,polyAselection,10x,cDNA,,False,forward,50bp,pairedEnd,1377794002,1321717786,8228,4944.0,17035.5,GRCh38,R8XR-22100402,SI-TT-A11_i7,,,,0.9583,0.9405,-L8XR_220929_01_A11-1217085001
59,1434_B08,L8XR_220929_01_G11,"scrnaSeq,ATACSeq",IlluminaNovaseq6000,8.65,A8XR_220927_01,L8XR_220929_01,MTX-2108,polyAselection,10x,cDNA,,False,forward,50bp,pairedEnd,1180296184,1131313892,9010,4065.5,11084.5,GRCh38,R8XR-22100402,SI-TT-G11_i7,,,,0.9568,0.9415,-L8XR_220929_01_G11-1217085002
60,1434_C08,L8XR_220929_01_B11,"scrnaSeq,ATACSeq",IlluminaNovaseq6000,8.6,A8XR_220927_01,L8XR_220929_01,MTX-2109,polyAselection,10x,cDNA,,False,forward,50bp,pairedEnd,1411113404,1334772169,10793,4898.0,16599.0,GRCh38,R8XR-22101102,SI-TT-B11_i7,,,,0.9587,0.948,-L8XR_220929_01_B11-1219250379
61,1448_A11,L8XR_221006_02_E03,"scrnaSeq,ATACSeq",IlluminaNovaseq6000,8.82,A8XR_221004_01,L8XR_221006_02,MTX-2110,polyAselection,10x,cDNA,,False,forward,50bp,pairedEnd,1469007227,1406868221,8861,3894.0,10780.0,GRCh38,R8XR-22101804,SI-TT-E3_i7,,,,0.9657,0.9487,-L8XR_221006_02_E03-1221250367
62,1448_B11,L8XR_221006_02_G02,"scrnaSeq,ATACSeq",IlluminaNovaseq6000,9.48,A8XR_221004_01,L8XR_221006_02,MTX-2110,polyAselection,10x,cDNA,,False,forward,50bp,pairedEnd,1167868320,1118817851,10615,4766.0,13920.0,GRCh38,R8XR-22101804,SI-TT-G2_i7,,,,0.9663,0.9481,-L8XR_221006_02_G02-1221250368
63,1448_C11,L8XR_221006_02_F03,"scrnaSeq,ATACSeq",IlluminaNovaseq6000,9.17,A8XR_221004_01,L8XR_221006_02,MTX-2110,polyAselection,10x,cDNA,,False,forward,50bp,pairedEnd,1477470217,1414529986,5618,4041.5,11114.5,GRCh38,R8XR-22101804,SI-TT-F3_i7,,,,0.9673,0.9498,-L8XR_221006_02_F03-1221250369
64,1457_A08,L8XR_221013_02_C07,"scrnaSeq,ATACSeq",IlluminaNovaseq6000,9.6,A8XR_221011_01,L8XR_221013_02,MTX-2111,polyAselection,10x,cDNA,,False,forward,50bp,pairedEnd,1092187501,1029277501,6594,3209.5,8379.0,GRCh38,R8XR-22102503,SI-TT-C7_i7,,,,0.8971,0.9574,-L8XR_221013_02_C07-1222866866
65,1457_B08,L8XR_221013_02_G06,"scrnaSeq,ATACSeq",IlluminaNovaseq6000,9.17,A8XR_221011_01,L8XR_221013_02,MTX-2111,polyAselection,10x,cDNA,,False,forward,50bp,pairedEnd,1554285579,1466779301,6248,4847.5,15285.5,GRCh38,R8XR-22102503,SI-TT-G6_i7,,,,0.8953,0.9557,-L8XR_221013_02_G06-1222866867
66,1457_C08,L8XR_221013_02_B06,"scrnaSeq,ATACSeq",IlluminaNovaseq6000,9.43,A8XR_221011_01,L8XR_221013_02,MTX-2111,polyAselection,10x,cDNA,,False,forward,50bp,pairedEnd,1162510611,1096015004,14374,2622.5,4970.5,GRCh38,R8XR-22102503,SI-TT-B6_i7,,,,0.8949,0.9538,-L8XR_221013_02_B06-1222866868
67,1467_A08,L8XR_221027_03_A02,"scrnaSeq,ATACSeq",IlluminaNovaseq6000,8.75,A8XR_221018_01,L8XR_221027_03,MTX-2112,polyAselection,10x,cDNA,,False,forward,50bp,pairedEnd,1405053873,1332412588,5727,2732.0,6281.0,GRCh38,R8XR-22110102,SI-TT-A2_i7,,,,0.9571,0.9538,-L8XR_221027_03_A02-1225051610
68,1467_B08,L8XR_221020_01_D05,"scrnaSeq,ATACSeq",IlluminaNovaseq6000,9.04,A8XR_221018_01,L8XR_221020_01,MTX-2111,polyAselection,10x,cDNA,,False,forward,50bp,pairedEnd,1173001755,1107079056,8436,4435.0,11964.0,GRCh38,R8XR-22102503,SI-TT-D5_i7,,,,0.8935,0.9585,-L8XR_221020_01_D05-1222866873
69,1577_A03,L8XR_230126_01_B07,"scrnaSeq,ATACSeq",IlluminaNovaseq6000,8.9,A8XR_230124_01,L8XR_230126_01,MTX-2120,polyAselection,10x,cDNA,,False,forward,50bp,pairedEnd,1160843208,1097112916,2088,5568.0,16904.5,GRCh38,R8XR-23020702,SI-TT-B7_i7,,,,0.9504,0.9543,-L8XR_230126_01_B07-1247697481
70,1577_B03,L8XR_230126_01_E06,"scrnaSeq,ATACSeq",IlluminaNovaseq6000,8.9,A8XR_230124_01,L8XR_230126_01,MTX-2120,polyAselection,10x,cDNA,,False,forward,50bp,pairedEnd,1094466353,1034927383,980,6932.5,28274.0,GRCh38,R8XR-23020702,SI-TT-E6_i7,,,,0.9671,0.9528,-L8XR_230126_01_E06-1247697482
71,1582_A06,L8XR_230126_01_G06,"scrnaSeq,ATACSeq",IlluminaNovaseq6000,8.15,A8XR_230124_01,L8XR_230126_01,MTX-2120,polyAselection,10x,cDNA,,False,forward,50bp,pairedEnd,1577264065,1492249532,6110,6277.0,21259.0,GRCh38,R8XR-23020702,SI-TT-G6_i7,,,,0.9601,0.9529,-L8XR_230126_01_G06-1247697486
72,1582_B06,L8XR_230126_01_D06,"scrnaSeq,ATACSeq",IlluminaNovaseq6000,8.15,A8XR_230124_01,L8XR_230126_01,MTX-2120,polyAselection,10x,cDNA,,False,forward,50bp,pairedEnd,1105638342,1046154999,5274,6134.0,20499.5,GRCh38,R8XR-23020702,SI-TT-D6_i7,,,,0.9669,0.9521,-L8XR_230126_01_D06-1247697488
73,1387_A07,L8XR_220825_02_B07,"scrnaSeq,ATACSeq",IlluminaNovaseq6000,8.45,A8XR_220823_01,L8XR_220825_02,MTX-2102,polyAselection,10x,cDNA,,False,forward,50bp,pairedEnd,1403235347,1323952550,7386,4906.0,21244.5,GRCh38,R8XR-22083001,SI-TT-B7_i7,,,,0.9273,0.9342,-L8XR_220825_02_B07-1208846988
74,1387_B07,L8XR_220825_02_E07,"scrnaSeq,ATACSeq",IlluminaNovaseq6000,8.45,A8XR_220823_01,L8XR_220825_02,MTX-2103,polyAselection,10x,cDNA,,False,forward,50bp,pairedEnd,1611962457,1520725382,7688,5115.0,23629.5,GRCh38,R8XR-22090702,SI-TT-E7_i7,,,,0.9615,0.9493,-L8XR_220825_02_E07-1211716395
75,1625_A02,L8XR_230302_22_B06,"scrnaSeq,ATACSeq",IlluminaNovaseq6000,8.9,A8XR_230228_01,L8XR_230302_22,MTX-2125,polyAselection,10x,cDNA,,False,forward,50bp,pairedEnd,1453582102,1404596385,7389,5677.0,18907.0,GRCh38,R8XR-23030703,SI-TT-B6_i7,,,,0.9424,0.9282,-L8XR_230302_22_B06-1253157318
76,1625_B02,L8XR_230302_22_C06,"scrnaSeq,ATACSeq",IlluminaNovaseq6000,8.9,A8XR_230228_01,L8XR_230302_22,MTX-2125,polyAselection,10x,cDNA,,False,forward,50bp,pairedEnd,1429070726,1383769184,7253,5601.0,18517.0,GRCh38,R8XR-23030703,SI-TT-C6_i7,,,,0.9431,0.924,-L8XR_230302_22_C06-1253157320
77,1354_B01,L8XR_220728_01_B05,"scrnaSeq,ATACSeq",IlluminaNovaseq6000,8.33,A8XR_220726_01,L8XR_220728_01,MTX-2098,polyAselection,10x,cDNA,,False,forward,50bp,pairedEnd,978158672,922207996,6433,5783.0,28337.0,GRCh38,R8XR-22080901,SI-TT-B5_i7,,,,0.9469,0.9291,-L8XR_220728_01_B05-1198901296
78,1354_A01,L8XR_220728_88_G04,"scrnaSeq,ATACSeq",IlluminaNovaseq6000,8.82,A8XR_220726_01,L8XR_220728_88,MTX-2098,polyAselection,10x,cDNA,,False,forward,50bp,pairedEnd,919095326,866982621,9205,5421.0,23471.0,GRCh38,R8XR-22080901,SI-TT-G4_i7,,,,0.9369,0.9355,-L8XR_220728_88_G04-1198901295
79,1361_A01,L8XR_220804_01_B06,"scrnaSeq,ATACSeq",IlluminaNovaseq6000,8.98,A8XR_220802_01,L8XR_220804_01,MTX-2099,polyAselection,10x,cDNA,,False,forward,50bp,pairedEnd,1009630646,938552649,9398,2478.5,6093.0,GRCh38,R8XR-22081602,SI-TT-B6_i7,,,,0.9246,0.9169,-L8XR_220804_01_B06-1200343600
80,1362_A02,L8XR_220811_02_E08,"scrnaSeq,ATACSeq",IlluminaNovaseq6000,9.08,A8XR_220809_01,L8XR_220811_02,MTX-2099,polyAselection,10x,cDNA,,False,forward,50bp,pairedEnd,1070332656,996800803,8022,6314.5,33933.5,GRCh38,R8XR-22081602,SI-TT-E8_i7,,,,0.9324,0.9235,-L8XR_220811_02_E08-1200343602
81,1370_A01,L8XR_220811_02_H08,"scrnaSeq,ATACSeq",IlluminaNovaseq6000,9.53,A8XR_220809_01,L8XR_220811_02,MTX-2100,polyAselection,10x,cDNA,,False,forward,50bp,pairedEnd,1369630905,1286083420,8567,3605.0,10700.0,GRCh38,R8XR-22082302,SI-TT-H8_i7,,,,0.9455,0.9351,-L8XR_220811_02_H08-1206599323
82,1370_B01,L8XR_220811_02_B09,"scrnaSeq,ATACSeq",IlluminaNovaseq6000,7.93,A8XR_220809_01,L8XR_220811_02,MTX-2100,polyAselection,10x,cDNA,,False,forward,50bp,pairedEnd,1209127335,1134766004,5403,980.0,1488.0,GRCh38,R8XR-22082302,SI-TT-B9_i7,,,,0.9419,0.9383,-L8XR_220811_02_B09-1206599324
83,1388_A01,L8XR_220825_02_C07,"scrnaSeq,ATACSeq",IlluminaNovaseq6000,9.43,A8XR_220823_01,L8XR_220825_02,MTX-2103,polyAselection,10x,cDNA,,False,forward,50bp,pairedEnd,1186146661,1119129375,6869,3424.0,10017.0,GRCh38,R8XR-22090702,SI-TT-C7_i7,,,,0.9509,0.949,-L8XR_220825_02_C07-1211716396
84,1393_B04,L8XR_220901_02_F12,"scrnaSeq,ATACSeq",IlluminaNovaseq6000,8.6,A8XR_220830_01,L8XR_220901_02,MTX-2103,polyAselection,10x,cDNA,,False,forward,50bp,pairedEnd,1068894932,1008609258,7409,2981.0,7943.0,GRCh38,R8XR-22090702,SI-TT-F12_i7,,,,0.9629,0.9523,-L8XR_220901_02_F12-1211716403
85,1393_A04,L8XR_220901_02_E12,"scrnaSeq,ATACSeq",IlluminaNovaseq6000,9.43,A8XR_220830_01,L8XR_220901_02,MTX-2103,polyAselection,10x,cDNA,,False,forward,50bp,pairedEnd,1043127554,983773596,2386,5484.5,18363.5,GRCh38,R8XR-22090702,SI-TT-E12_i7,,,,0.9652,0.9525,-L8XR_220901_02_E12-1211716402
86,1398_A03,L8XR_220908_02_D09,"scrnaSeq,ATACSeq",IlluminaNovaseq6000,8.68,A8XR_220906_02,L8XR_220908_02,MTX-2104,polyAselection,10x,cDNA,,False,forward,50bp,pairedEnd,1368482707,1311553826,4383,5593.0,23718.0,GRCh38,R8XR-22091301,SI-TT-D9_i7,,,,0.9271,0.9343,-L8XR_220908_02_D09-1212689171
87,1408_B02,L8XR_220922_02_D06,"scrnaSeq,ATACSeq",IlluminaNovaseq6000,8.63,A8XR_220920_01,L8XR_220922_02,MTX-2113,polyAselection,10x,cDNA,,False,forward,50bp,pairedEnd,1152128487,1094752488,2954,2277.5,5045.5,GRCh38,R8XR-22111503,SI-TT-D6_i7,,,,0.9646,0.9577,-L8XR_220922_02_D06-1228181625
88,1408_A02,L8XR_220915_01_G08,"scrnaSeq,ATACSeq",IlluminaNovaseq6000,9.04,A8XR_220913_01,L8XR_220915_01,MTX-2106,polyAselection,10x,cDNA,,False,forward,50bp,pairedEnd,1087584016,1043210588,8824,6267.0,28326.5,GRCh38,R8XR-22092002,SI-TT-G8_i7,,,,0.9409,0.9398,-L8XR_220915_01_G08-1214626871
89,1411_B05,L8XR_220922_02_D05,"scrnaSeq,ATACSeq",IlluminaNovaseq6000,5.6,A8XR_220920_01,L8XR_220922_02,MTX-2107,polyAselection,10x,cDNA,,False,forward,50bp,pairedEnd,1145698196,1085892750,5936,3167.0,8596.5,GRCh38,R8XR-22100401,SI-TT-D5_i7,,,,0.9427,0.9421,-L8XR_220922_02_D05-1216943526
90,1411_A05,L8XR_220915_01_H08,"scrnaSeq,ATACSeq",IlluminaNovaseq6000,7.03,A8XR_220913_01,L8XR_220915_01,MTX-2106,polyAselection,10x,cDNA,,False,forward,50bp,pairedEnd,1499504206,1435925228,9670,4251.0,14512.5,GRCh38,R8XR-22092002,SI-TT-H8_i7,,,,0.9449,0.9376,-L8XR_220915_01_H08-1214626873
91,1450_A02,L8XR_221006_02_G03,"scrnaSeq,ATACSeq",IlluminaNovaseq6000,9.55,A8XR_221004_01,L8XR_221006_02,MTX-2110,polyAselection,10x,cDNA,,False,forward,50bp,pairedEnd,1330574537,1272694545,8924,2679.5,6638.0,GRCh38,R8XR-22101804,SI-TT-G3_i7,,,,0.9657,0.9452,-L8XR_221006_02_G03-1221250370
92,1450_B02,L8XR_221006_02_H03,"scrnaSeq,ATACSeq",IlluminaNovaseq6000,8.57,A8XR_221004_01,L8XR_221006_02,MTX-2110,polyAselection,10x,cDNA,,False,forward,50bp,pairedEnd,1233902332,1178746898,9136,1870.0,3574.0,GRCh38,R8XR-22101804,SI-TT-H3_i7,,,,0.9671,0.9492,-L8XR_221006_02_H03-1221250371
93,1460_B02,L8XR_221020_01_G05,"scrnaSeq,ATACSeq",IlluminaNovaseq6000,6.73,A8XR_221018_01,L8XR_221020_01,MTX-2111,polyAselection,10x,cDNA,,False,forward,50bp,pairedEnd,1581096995,1489867698,8110,3368.0,8595.5,GRCh38,R8XR-22102503,SI-TT-G5_i7,,,,0.8979,0.9564,-L8XR_221020_01_G05-1222866871
94,1460_A02,L8XR_221013_02_A07,"scrnaSeq,ATACSeq",IlluminaNovaseq6000,8.27,A8XR_221011_01,L8XR_221013_02,MTX-2111,polyAselection,10x,cDNA,,False,forward,50bp,pairedEnd,1278787446,1208070500,4843,3208.0,8117.0,GRCh38,R8XR-22102503,SI-TT-A7_i7,,,,0.8976,0.9533,-L8XR_221013_02_A07-1222866870
95,1738_A03,L8XR_230615_22_A09,"scrnaSeq,ATACSeq",IlluminaNovaseq6000,9.04,A8XR_230613_01,L8XR_230615_22,MTX-2138,polyAselection,10x,cDNA,,False,forward,50bp,pairedEnd,1281885268,1237019284,6339,6248.0,23397.0,GRCh38,R8XR-23071102,SI-TT-A9_i7,,,,0.9541,0.9466,-L8XR_230615_22_A09-1284703754
96,1738_B03,L8XR_230615_22_B09,"scrnaSeq,ATACSeq",IlluminaNovaseq6000,8.0,A8XR_230613_01,L8XR_230615_22,MTX-2138,polyAselection,10x,cDNA,,False,forward,50bp,pairedEnd,1089602732,1052011438,8057,5155.0,21928.0,GRCh38,R8XR-23071102,SI-TT-B9_i7,,,,0.9546,0.9458,-L8XR_230615_22_B09-1284703755
97,1740_A04,L8XR_230615_22_E08,"scrnaSeq,ATACSeq",IlluminaNovaseq6000,6.73,A8XR_230613_01,L8XR_230615_22,MTX-2138,polyAselection,10x,cDNA,,False,forward,50bp,pairedEnd,1065951501,1029815745,6596,3763.5,11421.5,GRCh38,R8XR-23071102,SI-TT-E8_i7,,,,0.953,0.9428,-L8XR_230615_22_E08-1284703756
98,1740_B04,L8XR_230615_22_F08,"scrnaSeq,ATACSeq",IlluminaNovaseq6000,5.6,A8XR_230613_01,L8XR_230615_22,MTX-2138,polyAselection,10x,cDNA,,False,forward,50bp,pairedEnd,1112128906,1074316523,5394,4069.5,13561.0,GRCh38,R8XR-23071102,SI-TT-F8_i7,,,,0.9537,0.9458,-L8XR_230615_22_F08-1284703757
99,1758_A01,L8XR_230629_22_F11,"scrnaSeq,ATACSeq",IlluminaNovaseq6000,5.67,A8XR_230627_01,L8XR_230629_22,MTX-2138,polyAselection,10x,cDNA,,False,forward,50bp,pairedEnd,975872758,944352068,7522,4075.5,14932.5,GRCh38,R8XR-23071102,SI-TT-F11_i7,,,,0.9489,0.9471,-L8XR_230629_22_F11-1284703760
100,1758_B01,L8XR_230629_22_C12,"scrnaSeq,ATACSeq",IlluminaNovaseq6000,8.68,A8XR_230627_01,L8XR_230629_22,MTX-2138,polyAselection,10x,cDNA,,False,forward,50bp,pairedEnd,1056673559,1021803332,9609,5065.0,19378.0,GRCh38,R8XR-23071102,SI-TT-C12_i7,,,,0.9537,0.9437,-L8XR_230629_22_C12-1284703761
101,1758_C01,L8XR_230629_22_D12,"scrnaSeq,ATACSeq",IlluminaNovaseq6000,9.53,A8XR_230627_01,L8XR_230629_22,MTX-2138,polyAselection,10x,cDNA,,False,forward,50bp,pairedEnd,978134730,945465030,9971,5254.0,19091.0,GRCh38,R8XR-23071102,SI-TT-D12_i7,,,,0.9513,0.944,-L8XR_230629_22_D12-1284703762
102,1768.1_C02,L8XR_230713_21_C02,"scrnaSeq,ATACSeq",IlluminaNovaseq6000,8.82,A8XR_230711_01,L8XR_230713_21,MTX-2139,polyAselection,10x,cDNA,,False,forward,50bp,pairedEnd,1272944568,1232210342,9755,3849.0,10419.0,GRCh38,R8XR-23072501,SI-TT-C2_i7,,,,0.9488,0.9434,-L8XR_230713_21_C02-1288463119
103,1768_B02,L8XR_230713_21_A02,"scrnaSeq,ATACSeq",IlluminaNovaseq6000,7.93,A8XR_230711_01,L8XR_230713_21,MTX-2139,polyAselection,10x,cDNA,,False,forward,50bp,pairedEnd,1108210412,1072082753,9249,4080.0,13339.0,GRCh38,R8XR-23072501,SI-TT-A2_i7,,,,0.9482,0.9388,-L8XR_230713_21_A02-1288463118
104,1779_A05,L8XR_230720_01_E03,"scrnaSeq,ATACSeq",IlluminaNovaseq6000,8.67,A8XR_230718_01,L8XR_230720_01,MTX-2139,polyAselection,10x,cDNA,,False,forward,50bp,pairedEnd,1530863861,1484478686,7124,3840.5,11414.0,GRCh38,R8XR-23072501,SI-TT-E3_i7,,,,0.9503,0.9382,-L8XR_230720_01_E03-1288463123
105,1779_B05,L8XR_230720_01_G03,"scrnaSeq,ATACSeq",IlluminaNovaseq6000,8.03,A8XR_230718_01,L8XR_230720_01,MTX-2139,polyAselection,10x,cDNA,,False,forward,50bp,pairedEnd,1152206705,1116488297,9274,4566.0,14120.5,GRCh38,R8XR-23072501,SI-TT-G3_i7,,,,0.9494,0.9398,-L8XR_230720_01_G03-1288463124
106,1784.1_C02,L8XR_230727_22_H04,"scrnaSeq,ATACSeq",IlluminaNovaseq6000,8.1,A8XR_230725_02,L8XR_230727_22,MTX-2140,polyAselection,10x,cDNA,,False,forward,50bp,pairedEnd,1091572157,1059370778,6400,5105.5,16362.5,GRCh38,R8XR-23080103,SI-TT-H4_i7,,,,0.9582,0.9466,-L8XR_230727_22_H04-1290439528
107,1784_B02,L8XR_230727_22_D04,"scrnaSeq,ATACSeq",IlluminaNovaseq6000,7.27,A8XR_230725_02,L8XR_230727_22,MTX-2140,polyAselection,10x,cDNA,,False,forward,50bp,pairedEnd,1255458617,1216790492,8400,2995.5,8055.5,GRCh38,R8XR-23080103,SI-TT-D4_i7,,,,0.9584,0.9457,-L8XR_230727_22_D04-1290439527
108,1789_A05,L8XR_230727_22_E04,"scrnaSeq,ATACSeq",IlluminaNovaseq6000,8.4,A8XR_230725_02,L8XR_230727_22,MTX-2140,polyAselection,10x,cDNA,,False,forward,50bp,pairedEnd,1300532093,1263076769,7044,5035.0,21623.5,GRCh38,R8XR-23080103,SI-TT-E4_i7,,,,0.9548,0.9473,-L8XR_230727_22_E04-1290439533
109,1793_A03,L8XR_230803_01_A07,"scrnaSeq,ATACSeq",IlluminaNovaseq6000,8.75,A8XR_230801_01,L8XR_230803_01,MTX-2141,polyAselection,10x,cDNA,,False,forward,50bp,pairedEnd,1315963766,1275300486,7096,3492.0,10234.5,GRCh38,R8XR-23080801,SI-TT-A7_i7,,,,0.9533,0.9439,-L8XR_230803_01_A07-1291281468
110,1793_B03,L8XR_230803_01_C07,"scrnaSeq,ATACSeq",IlluminaNovaseq6000,8.85,A8XR_230801_01,L8XR_230803_01,MTX-2141,polyAselection,10x,cDNA,,False,forward,50bp,pairedEnd,1324550799,1281237988,9081,4972.0,17033.0,GRCh38,R8XR-23080801,SI-TT-C7_i7,,,,0.9547,0.9457,-L8XR_230803_01_C07-1291281469
111,1800_A04,L8XR_230810_01_C09,"scrnaSeq,ATACSeq",IlluminaNovaseq6000,9.08,A8XR_230808_01,L8XR_230810_01,MTX-2142,polyAselection,10x,cDNA,,False,forward,50bp,pairedEnd,1293873999,1249752896,9137,5771.0,22929.0,GRCh38,R8XR-23082204,SI-TT-C9_i7,,,,0.9597,0.9494,-L8XR_230810_01_C09-1295256516
112,1800_B04,L8XR_230810_01_H08,"scrnaSeq,ATACSeq",IlluminaNovaseq6000,9.43,A8XR_230808_01,L8XR_230810_01,MTX-2142,polyAselection,10x,cDNA,,False,forward,50bp,pairedEnd,1527233279,1475307348,5586,6737.0,26102.5,GRCh38,R8XR-23082204,SI-TT-H8_i7,,,,0.9593,0.952,-L8XR_230810_01_H08-1295256517
113,1804_A06,L8XR_230810_01_G08,"scrnaSeq,ATACSeq",IlluminaNovaseq6000,5.67,A8XR_230808_01,L8XR_230810_01,MTX-2142,polyAselection,10x,cDNA,,False,forward,50bp,pairedEnd,1104500462,1067057896,2785,2075.0,4905.0,GRCh38,R8XR-23082204,SI-TT-G8_i7,,,,0.9593,0.9493,-L8XR_230810_01_G08-1295256523
114,1817_A08,L8XR_230817_01_B12,"scrnaSeq,ATACSeq",IlluminaNovaseq6000,9.17,A8XR_230815_01,L8XR_230817_01,MTX-2143,polyAselection,10x,cDNA,,False,forward,50bp,pairedEnd,1050951199,1005339917,7607,5372.0,19500.0,GRCh38,R8XR-23090604,SI-TT-B12_i7,,,,0.9549,0.9413,-L8XR_230817_01_B12-1297444602
115,1817_B08,L8XR_230817_01_C01,"scrnaSeq,ATACSeq",IlluminaNovaseq6000,9.27,A8XR_230815_01,L8XR_230817_01,MTX-2143,polyAselection,10x,cDNA,,False,forward,50bp,pairedEnd,1613098079,1543734862,6704,5078.0,20866.0,GRCh38,R8XR-23090604,SI-TT-C1_i7,,,,0.9541,0.9439,-L8XR_230817_01_C01-1297444603
116,1824_A06,L8XR_230824_01_B03,"scrnaSeq,ATACSeq",IlluminaNovaseq6000,8.33,A8XR_230822_01,L8XR_230824_01,MTX-2145,polyAselection,10x,cDNA,,False,forward,50bp,pairedEnd,1287329819,1243818071,1995,6382.0,30288.0,GRCh38,R8XR-23091203,SI-TT-B3_i7,,,,0.9577,0.9461,-L8XR_230824_01_B03-1298390350
117,1824_B06,L8XR_230824_01_H02,"scrnaSeq,ATACSeq",IlluminaNovaseq6000,9.43,A8XR_230822_01,L8XR_230824_01,MTX-2145,polyAselection,10x,cDNA,,False,forward,50bp,pairedEnd,1261123480,1218497506,5504,4819.0,18498.5,GRCh38,R8XR-23091203,SI-TT-H2_i7,,,,0.9538,0.9502,-L8XR_230824_01_H02-1298390353
118,1836_A04,L8XR_230831_01_H04,"scrnaSeq,ATACSeq",IlluminaNovaseq6000,9.48,A8XR_230829_01,L8XR_230831_01,MTX-2145,polyAselection,10x,cDNA,,False,forward,50bp,pairedEnd,1307647504,1262533665,9061,2925.0,5660.0,GRCh38,R8XR-23091203,SI-TT-H4_i7,,,,0.9584,0.9523,-L8XR_230831_01_H04-1298390356
119,1836_B04,L8XR_230831_01_G04,"scrnaSeq,ATACSeq",IlluminaNovaseq6000,9.17,A8XR_230829_01,L8XR_230831_01,MTX-2145,polyAselection,10x,cDNA,,False,forward,50bp,pairedEnd,1361912820,1314245871,6114,2616.0,5439.0,GRCh38,R8XR-23091203,SI-TT-G4_i7,,,,0.9598,0.9501,-L8XR_230831_01_G04-1298390359
120,1888_A05,L8XR_231005_01_H01,"scrnaSeq,ATACSeq",IlluminaNovaseq6000,7.03,A8XR_231003_01,L8XR_231005_01,MTX-2150,polyAselection,10x,cDNA,,False,forward,50bp,pairedEnd,1299028517,1239533011,7195,3999.0,13142.0,GRCh38,R8XR-23101003,SI-TT-H1_i7,,,,0.9622,0.9563,-L8XR_231005_01_H01-1305176105
121,1888_B05,L8XR_231005_01_D01,"scrnaSeq,ATACSeq",IlluminaNovaseq6000,5.67,A8XR_231003_01,L8XR_231005_01,MTX-2150,polyAselection,10x,cDNA,,False,forward,50bp,pairedEnd,881999933,841339736,4631,2146.0,5446.0,GRCh38,R8XR-23101003,SI-TT-D1_i7,,,,0.9631,0.9578,-L8XR_231005_01_D01-1305176111
122,1894_A08,L8XR_231005_01_B02,"scrnaSeq,ATACSeq",IlluminaNovaseq6000,8.82,A8XR_231003_02,L8XR_231005_01,MTX-2151,polyAselection,10x,cDNA,,False,forward,50bp,pairedEnd,1311293696,1265660675,6623,4774.0,16819.0,GRCh38,R8XR-23101703,SI-TT-B2_i7,,,,0.9581,0.955,-L8XR_231005_01_B02-1306724722
123,1894_B08,L8XR_231005_01_C01,"scrnaSeq,ATACSeq",IlluminaNovaseq6000,8.63,A8XR_231003_02,L8XR_231005_01,MTX-2151,polyAselection,10x,cDNA,,False,forward,50bp,pairedEnd,987538682,951394766,2148,3435.5,9717.5,GRCh38,R8XR-23101703,SI-TT-C1_i7,,,,0.9631,0.9552,-L8XR_231005_01_C01-1306724723
124,1900_A06,L8XR_231012_01_H04,"scrnaSeq,ATACSeq",IlluminaNovaseq6000,9.07,A8XR_231010_01,L8XR_231012_01,MTX-2151,polyAselection,10x,cDNA,,False,forward,50bp,pairedEnd,941097140,908064630,7554,3787.0,11533.0,GRCh38,R8XR-23101703,SI-TT-H4_i7,,,,0.9622,0.9529,-L8XR_231012_01_H04-1306724727
125,1900_B06,L8XR_231012_01_G05,"scrnaSeq,ATACSeq",IlluminaNovaseq6000,9.6,A8XR_231010_01,L8XR_231012_01,MTX-2151,polyAselection,10x,cDNA,,False,forward,50bp,pairedEnd,1242012003,1198914186,7920,4454.0,15006.5,GRCh38,R8XR-23101703,SI-TT-G5_i7,,,,0.9616,0.9567,-L8XR_231012_01_G05-1306724728
126,1902_A08,L8XR_231012_01_E04,"scrnaSeq,ATACSeq",IlluminaNovaseq6000,8.98,A8XR_231010_01,L8XR_231012_01,MTX-2151,polyAselection,10x,cDNA,,False,forward,50bp,pairedEnd,1223709145,1181858292,5470,3254.0,8887.0,GRCh38,R8XR-23101703,SI-TT-E4_i7,,,,0.9643,0.9563,-L8XR_231012_01_E04-1306724729
127,1346_A01,L8XR_220721_02_D12,"scrnaSeq,ATACSeq",IlluminaNovaseq6000,8.75,A8XR_220719_01,L8XR_220721_02,MTX-2096,polyAselection,10x,cDNA,,False,forward,50bp,pairedEnd,1856525199,1756644143,5453,4921.0,20354.0,GRCh38,R8XR-22072603,SI-TT-D12_i7,,,,0.9076,0.9103,-L8XR_220721_02_D12-1196254082
128,1347_A02,L8XR_220728_01_H03,"scrnaSeq,ATACSeq",IlluminaNovaseq6000,8.1,A8XR_220726_01,L8XR_220728_01,MTX-2097,polyAselection,10x,cDNA,,False,forward,50bp,pairedEnd,1080697087,1036496576,8422,6465.5,31700.0,GRCh38,R8XR-22080202,SI-TT-H3_i7,,,,0.9575,0.9481,-L8XR_220728_01_H03-1197852121
129,1347_B02,L8XR_220728_88_C04,"scrnaSeq,ATACSeq",IlluminaNovaseq6000,9.07,A8XR_220726_01,L8XR_220728_88,MTX-2097,polyAselection,10x,cDNA,,False,forward,50bp,pairedEnd,1583635149,1519022835,5335,5273.0,22746.0,GRCh38,R8XR-22080202,SI-TT-C4_i7,,,,0.9593,0.9496,-L8XR_220728_88_C04-1197852122
130,1361_B01,L8XR_220804_01_F03,"scrnaSeq,ATACSeq",IlluminaNovaseq6000,8.65,A8XR_220802_01,L8XR_220804_01,MTX-2099,polyAselection,10x,cDNA,,False,forward,50bp,pairedEnd,1358914443,1266100587,10682,4841.0,17957.5,GRCh38,R8XR-22081602,SI-TT-F3_i7,,,,0.9306,0.916,-L8XR_220804_01_F03-1200343601
131,1362_B02,L8XR_220811_02_C08,"scrnaSeq,ATACSeq",IlluminaNovaseq6000,8.82,A8XR_220809_01,L8XR_220811_02,MTX-2099,polyAselection,10x,cDNA,,False,forward,50bp,pairedEnd,750573158,700509928,9792,4456.0,15155.0,GRCh38,R8XR-22081602,SI-TT-C8_i7,,,,0.933,0.9208,-L8XR_220811_02_C08-1200343603
132,1365_A04,L8XR_220811_02_F08,"scrnaSeq,ATACSeq",IlluminaNovaseq6000,8.85,A8XR_220809_01,L8XR_220811_02,MTX-2100,polyAselection,10x,cDNA,,False,forward,50bp,pairedEnd,1024501362,964363132,9869,4485.0,15169.0,GRCh38,R8XR-22082302,SI-TT-F8_i7,,,,0.9454,0.9293,-L8XR_220811_02_F08-1206599318
133,1365_B04,L8XR_220811_02_G08,"scrnaSeq,ATACSeq",IlluminaNovaseq6000,8.87,A8XR_220809_01,L8XR_220811_02,MTX-2100,polyAselection,10x,cDNA,,False,forward,50bp,pairedEnd,1189286993,1119475847,5918,4636.0,17331.0,GRCh38,R8XR-22082302,SI-TT-G8_i7,,,,0.9462,0.9353,-L8XR_220811_02_G08-1206599322
134,1380_A02,L8XR_220818_02_H10,"scrnaSeq,ATACSeq",IlluminaNovaseq6000,9.17,A8XR_220816_02,L8XR_220818_02,MTX-2101,polyAselection,10x,cDNA,,False,forward,50bp,pairedEnd,1558279485,1490494327,9429,6298.0,31795.0,GRCh38,R8XR-22082303,SI-TT-H10_i7,,,,0.9478,0.9385,-L8XR_220818_02_H10-1202603548
135,1380_B02,L8XR_220818_02_H09,"scrnaSeq,ATACSeq",IlluminaNovaseq6000,9.6,A8XR_220816_02,L8XR_220818_02,MTX-2101,polyAselection,10x,cDNA,,False,forward,50bp,pairedEnd,1257339775,1201262421,9231,5923.0,28262.0,GRCh38,R8XR-22082303,SI-TT-H9_i7,,,,0.9504,0.9377,-L8XR_220818_02_H09-1202603549
136,1403_B08,L8XR_220908_02_D08,"scrnaSeq,ATACSeq",IlluminaNovaseq6000,9.18,A8XR_220906_02,L8XR_220908_02,MTX-2105,polyAselection,10x,cDNA,,False,forward,50bp,pairedEnd,1120402681,1058892574,9845,5156.0,20141.0,GRCh38,R8XR-22091302,SI-TT-D8_i7,,,,0.9564,0.9457,-L8XR_220908_02_D08-1212705194
137,1403_A08,L8XR_220908_02_H09,"scrnaSeq,ATACSeq",IlluminaNovaseq6000,8.63,A8XR_220906_02,L8XR_220908_02,MTX-2105,polyAselection,10x,cDNA,,False,forward,50bp,pairedEnd,717285870,678982805,3960,2172.0,4866.5,GRCh38,R8XR-22091302,SI-TT-H9_i7,,,,0.9611,0.9475,-L8XR_220908_02_H09-1212705192
138,1415_A01,L8XR_220915_01_B09,"scrnaSeq,ATACSeq",IlluminaNovaseq6000,8.67,A8XR_220913_01,L8XR_220915_01,MTX-2106,polyAselection,10x,cDNA,,False,forward,50bp,pairedEnd,1712763529,1637744486,7896,4473.5,15520.5,GRCh38,R8XR-22092002,SI-TT-B9_i7,,,,0.9422,0.9399,-L8XR_220915_01_B09-1214626879
139,1426_B02,L8XR_220922_02_G03,"scrnaSeq,ATACSeq",IlluminaNovaseq6000,8.03,A8XR_220920_01,L8XR_220922_02,MTX-2107,polyAselection,10x,cDNA,,False,forward,50bp,pairedEnd,1333442981,1262903847,11189,4414.0,15533.0,GRCh38,R8XR-22100401,SI-TT-G3_i7,,,,0.9532,0.941,-L8XR_220922_02_G03-1217129218
140,1426_A02,L8XR_220922_02_B04,"scrnaSeq,ATACSeq",IlluminaNovaseq6000,9.43,A8XR_220920_01,L8XR_220922_02,MTX-2107,polyAselection,10x,cDNA,,False,forward,50bp,pairedEnd,1484445925,1404582734,11148,3703.0,11022.0,GRCh38,R8XR-22100401,SI-TT-B4_i7,,,,0.9532,0.9426,-L8XR_220922_02_B04-1217129216
141,1428_A04,L8XR_220929_01_F09,"scrnaSeq,ATACSeq",IlluminaNovaseq6000,9.48,A8XR_220927_01,L8XR_220929_01,MTX-2107,polyAselection,10x,cDNA,,False,forward,50bp,pairedEnd,1068683353,1011829399,8981,5677.0,21068.0,GRCh38,R8XR-22100401,SI-TT-F9_i7,,,,0.9517,0.9412,-L8XR_220929_01_F09-1217129219
142,1428_B04,L8XR_220929_01_F11,"scrnaSeq,ATACSeq",IlluminaNovaseq6000,8.4,A8XR_220927_01,L8XR_220929_01,MTX-2107,polyAselection,10x,cDNA,,False,forward,50bp,pairedEnd,1489826887,1409078270,11180,2022.5,4167.0,GRCh38,R8XR-22100401,SI-TT-F11_i7,,,,0.9517,0.9397,-L8XR_220929_01_F11-1217129220
143,1438_B02,L8XR_220929_01_H11,"scrnaSeq,ATACSeq",IlluminaNovaseq6000,7.93,A8XR_220927_01,L8XR_220929_01,MTX-2109,polyAselection,10x,cDNA,,False,forward,50bp,pairedEnd,1634946404,1544206879,7619,3928.0,11581.0,GRCh38,R8XR-22101102,SI-TT-H11_i7,,,,0.957,0.9483,-L8XR_220929_01_H11-1219250384
144,1438_A02,L8XR_220929_01_E10,"scrnaSeq,ATACSeq",IlluminaNovaseq6000,9.27,A8XR_220927_01,L8XR_220929_01,MTX-2109,polyAselection,10x,cDNA,,False,forward,50bp,pairedEnd,1294626720,1225105265,6762,5005.5,19211.0,GRCh38,R8XR-22101102,SI-TT-E10_i7,,,,0.9484,0.9307,-L8XR_220929_01_E10-1219250383
145,1440_B04,L8XR_221006_02_E02,"scrnaSeq,ATACSeq",IlluminaNovaseq6000,9.17,A8XR_221004_01,L8XR_221006_02,MTX-2109,polyAselection,10x,cDNA,,False,forward,50bp,pairedEnd,1105169255,1047479420,6589,4857.0,18538.0,GRCh38,R8XR-22101102,SI-TT-E2_i7,,,,0.9473,0.9472,-L8XR_221006_02_E02-1219250386
146,1440_A04,L8XR_221006_02_C03,"scrnaSeq,ATACSeq",IlluminaNovaseq6000,7.27,A8XR_221004_01,L8XR_221006_02,MTX-2109,polyAselection,10x,cDNA,,False,forward,50bp,pairedEnd,1315170192,1239679423,9029,4091.0,13564.0,GRCh38,R8XR-22101102,SI-TT-C3_i7,,,,0.9562,0.9459,-L8XR_221006_02_C03-1219250385
147,1444_A08,L8XR_221006_02_D03,"scrnaSeq,ATACSeq",IlluminaNovaseq6000,9.07,A8XR_221004_01,L8XR_221006_02,MTX-2110,polyAselection,10x,cDNA,,False,forward,50bp,pairedEnd,1358050658,1299654480,292,107.0,114.5,GRCh38,R8XR-22101804,SI-TT-D3_i7,,,,0.969,0.9548,-L8XR_221006_02_D03-1221250364
148,1444_B08,L8XR_221006_02_A04,"scrnaSeq,ATACSeq",IlluminaNovaseq6000,7.2,A8XR_221004_01,L8XR_221006_02,MTX-2110,polyAselection,10x,cDNA,,False,forward,50bp,pairedEnd,1325755456,1266626763,5280,2928.0,7688.5,GRCh38,R8XR-22101804,SI-TT-A4_i7,,,,0.9676,0.9499,-L8XR_221006_02_A04-1221250365
149,1765_A06,L8XR_230706_22_D01,"scrnaSeq,ATACSeq",IlluminaNovaseq6000,8.87,A8XR_230703_02,L8XR_230706_22,MTX-2138,polyAselection,10x,cDNA,,False,forward,50bp,pairedEnd,957240552,924024305,6148,4846.0,17612.5,GRCh38,R8XR-23071102,SI-TT-D1_i7,,,,0.9537,0.9452,-L8XR_230706_22_D01-1284703764
150,1765_B06,L8XR_230706_22_G12,"scrnaSeq,ATACSeq",IlluminaNovaseq6000,8.65,A8XR_230703_02,L8XR_230706_22,MTX-2139,polyAselection,10x,cDNA,,False,forward,50bp,pairedEnd,1083938764,1054130448,8105,4774.0,15521.0,GRCh38,R8XR-23072501,SI-TT-G12_i7,,,,0.9494,0.939,-L8XR_230706_22_G12-1288463116
151,1772_A05,L8XR_230720_01_F03,"scrnaSeq,ATACSeq",IlluminaNovaseq6000,7.93,A8XR_230718_01,L8XR_230720_01,MTX-2139,polyAselection,10x,cDNA,,False,forward,50bp,pairedEnd,1351777939,1311765312,5553,2383.0,5298.0,GRCh38,R8XR-23072501,SI-TT-F3_i7,,,,0.9505,0.9408,-L8XR_230720_01_F03-1288463120
152,1772_B05,L8XR_230713_21_D02,"scrnaSeq,ATACSeq",IlluminaNovaseq6000,9.18,A8XR_230711_01,L8XR_230713_21,MTX-2139,polyAselection,10x,cDNA,,False,forward,50bp,pairedEnd,1121613529,1084600283,4386,3736.5,10770.5,GRCh38,R8XR-23072501,SI-TT-D2_i7,,,,0.9515,0.942,-L8XR_230713_21_D02-1288463122
153,1510_A05,L8XR_221117_01_H09,"scrnaSeq,ATACSeq",IlluminaNovaseq6000,9.6,A8XR_221115_01,L8XR_221117_01,MTX-2114,polyAselection,10x,cDNA,,False,forward,50bp,pairedEnd,1069889454,1000239651,7595,3686.0,9575.0,GRCh38,R8XR-22120602,SI-TT-H9_i7,,,,0.9341,0.9238,-L8XR_221117_01_H09-1233285475
154,1510_B05,L8XR_221117_01_D10,"scrnaSeq,ATACSeq",IlluminaNovaseq6000,9.17,A8XR_221115_01,L8XR_221117_01,MTX-2114,polyAselection,10x,cDNA,,False,forward,50bp,pairedEnd,1048454479,975586893,8905,5965.0,22324.0,GRCh38,R8XR-22120602,SI-TT-D10_i7,,,,0.9486,0.9369,-L8XR_221117_01_D10-1233285476
155,1510_C05,L8XR_221117_01_E10,"scrnaSeq,ATACSeq",IlluminaNovaseq6000,9.43,A8XR_221115_01,L8XR_221117_01,MTX-2114,polyAselection,10x,cDNA,,False,forward,50bp,pairedEnd,1103503342,1031885975,12458,3958.0,9906.0,GRCh38,R8XR-22120602,SI-TT-E10_i7,,,,0.9491,0.9354,-L8XR_221117_01_E10-1233285477
156,1520_A04,L8XR_221201_02_E02,"scrnaSeq,ATACSeq",IlluminaNovaseq6000,8.75,A8XR_221129_01,L8XR_221201_02,MTX-2114,polyAselection,10x,cDNA,,False,forward,50bp,pairedEnd,1712877406,1602396813,15341,2269.0,4878.0,GRCh38,R8XR-22120602,SI-TT-E2_i7,,,,0.9505,0.9275,-L8XR_221201_02_E02-1233285481
157,1520_B04,L8XR_221201_02_A01,"scrnaSeq,ATACSeq",IlluminaNovaseq6000,8.1,A8XR_221122_01,L8XR_221201_02,MTX-2114,polyAselection,10x,cDNA,,False,forward,50bp,pairedEnd,1073008681,999507586,15180,2149.0,4053.5,GRCh38,R8XR-22120602,SI-TT-A1_i7,,,,0.9288,0.9306,-L8XR_221201_02_A01-1233285482
158,1804_B06,L8XR_230810_01_B09,"scrnaSeq,ATACSeq",IlluminaNovaseq6000,8.82,A8XR_230808_01,L8XR_230810_01,MTX-2143,polyAselection,10x,cDNA,,False,forward,50bp,pairedEnd,1304567471,1244296454,8246,5806.0,21753.5,GRCh38,R8XR-23090604,SI-TT-B9_i7,,,,0.954,0.9414,-L8XR_230810_01_B09-1297444601
159,1902_B08,L8XR_231012_01_G04,"scrnaSeq,ATACSeq",IlluminaNovaseq6000,7.03,A8XR_231010_01,L8XR_231012_01,MTX-2151,polyAselection,10x,cDNA,,False,forward,50bp,pairedEnd,1050984167,1012728343,7254,4609.0,19942.0,GRCh38,R8XR-23101703,SI-TT-G4_i7,,,,0.963,0.955,-L8XR_231012_01_G04-1306724730
160,1922_A05,L8XR_231026_05_D04,"scrnaSeq,ATACSeq",IlluminaNovaseq6000,8.33,A8XR_231023_01,L8XR_231026_05,MTX-2153,polyAselection,10x,cDNA,,False,forward,50bp,pairedEnd,1257804286,1200322630,6450,4695.5,18838.0,GRCh38,R8XR-23103107,SI-TT-D4_i7,,,,0.9674,0.9589,-L8XR_231026_05_D04-1311674002
161,1922_B05,L8XR_231026_05_A04,"scrnaSeq,ATACSeq",IlluminaNovaseq6000,8.68,A8XR_231023_01,L8XR_231026_05,MTX-2153,polyAselection,10x,cDNA,,False,forward,50bp,pairedEnd,1174215830,1121376118,6468,4044.5,13373.0,GRCh38,R8XR-23103107,SI-TT-A4_i7,,,,0.9673,0.9602,-L8XR_231026_05_A04-1311674010
162,1922_C05,L8XR_231026_05_E04,"scrnaSeq,ATACSeq",IlluminaNovaseq6000,9.53,A8XR_231023_01,L8XR_231026_05,MTX-2153,polyAselection,10x,cDNA,,False,forward,50bp,pairedEnd,1189359486,1137146605,8796,4391.0,15698.0,GRCh38,R8XR-23103107,SI-TT-E4_i7,,,,0.966,0.9602,-L8XR_231026_05_E04-1311674017
163,1928_A10,L8XR_231026_05_B04,"scrnaSeq,ATACSeq",IlluminaNovaseq6000,9.43,A8XR_231024_02,L8XR_231026_05,MTX-2153,polyAselection,10x,cDNA,,False,forward,50bp,pairedEnd,1409481908,1343095310,6808,3937.5,12615.0,GRCh38,R8XR-23103107,SI-TT-B4_i7,,,,0.9664,0.955,-L8XR_231026_05_B04-1311674054
164,1928_B10,L8XR_231026_05_C04,"scrnaSeq,ATACSeq",IlluminaNovaseq6000,9.17,A8XR_231024_02,L8XR_231026_05,MTX-2154,polyAselection,10x,cDNA,,False,forward,50bp,pairedEnd,1801771832,1759610371,8886,3861.5,11873.5,GRCh38,R8XR-23110703,SI-TT-C4_i7,,,,0.9518,0.9483,-L8XR_231026_05_C04-1312538012
165,1928_C10,L8XR_231026_05_E05,"scrnaSeq,ATACSeq",IlluminaNovaseq6000,9.6,A8XR_231024_02,L8XR_231026_05,MTX-2154,polyAselection,10x,cDNA,,False,forward,50bp,pairedEnd,1403696893,1371692604,8563,4505.0,16000.0,GRCh38,R8XR-23110703,SI-TT-E5_i7,,,,0.9521,0.948,-L8XR_231026_05_E05-1312538014
166,1936_A05,L8XR_231102_01_F06,"scrnaSeq,ATACSeq",IlluminaNovaseq6000,5.67,A8XR_231031_01,L8XR_231102_01,MTX-2155,polyAselection,10x,cDNA,,False,forward,50bp,pairedEnd,1167664563,1113835227,20000,1387.0,2436.0,GRCh38,R8XR-23111406,SI-TT-F6_i7,,,,0.9482,0.9568,-L8XR_231102_01_F06-1313371088
167,1936_B05,L8XR_231102_01_G06,"scrnaSeq,ATACSeq",IlluminaNovaseq6000,9.43,A8XR_231031_01,L8XR_231102_01,MTX-2155,polyAselection,10x,cDNA,,False,forward,50bp,pairedEnd,1289093648,1235080624,8097,5383.0,20079.0,GRCh38,R8XR-23111406,SI-TT-G6_i7,,,,0.9538,0.9513,-L8XR_231102_01_G06-1313371090
168,1936_C05,L8XR_231102_01_E06,"scrnaSeq,ATACSeq",IlluminaNovaseq6000,8.27,A8XR_231031_01,L8XR_231102_01,MTX-2155,polyAselection,10x,cDNA,,False,forward,50bp,pairedEnd,1357935906,1299680456,5662,3722.0,11982.0,GRCh38,R8XR-23111406,SI-TT-E6_i7,,,,0.9554,0.9512,-L8XR_231102_01_E06-1313371091
169,1954_A05,L8XR_231116_02_A08,"scrnaSeq,ATACSeq",IlluminaNovaseq6000,8.87,A8XR_231114_01,L8XR_231116_02,MTX-2159,polyAselection,10x,cDNA,,False,forward,50bp,pairedEnd,1441460166,1400810989,6319,4573.0,16801.0,GRCh38,R8XR-23112803,SI-TT-A8_i7,,,,0.9619,0.9554,-L8XR_231116_02_A08-1315525445
170,1954_B05,L8XR_231116_02_H07,"scrnaSeq,ATACSeq",IlluminaNovaseq6000,8.65,A8XR_231114_01,L8XR_231116_02,MTX-2159,polyAselection,10x,cDNA,,False,forward,50bp,pairedEnd,1339343916,1299967205,3290,4809.5,17091.0,GRCh38,R8XR-23112803,SI-TT-H7_i7,,,,0.9597,0.9586,-L8XR_231116_02_H07-1315525446
171,1954.1_D05,L8XR_231116_02_G07,"scrnaSeq,ATACSeq",IlluminaNovaseq6000,8.85,A8XR_231114_01,L8XR_231116_02,MTX-2159,polyAselection,10x,cDNA,,False,forward,50bp,pairedEnd,1577039875,1530201791,6125,4297.0,13478.0,GRCh38,R8XR-23112803,SI-TT-G7_i7,,,,0.9582,0.9575,-L8XR_231116_02_G07-1315525447
172,1957_A08,L8XR_231116_02_B08,"scrnaSeq,ATACSeq",IlluminaNovaseq6000,9.04,A8XR_231114_01,L8XR_231116_02,MTX-2159,polyAselection,10x,cDNA,,False,forward,50bp,pairedEnd,1090401360,1058779721,7893,4016.0,10455.0,GRCh38,R8XR-23112803,SI-TT-B8_i7,,,,0.9626,0.9564,-L8XR_231116_02_B08-1315525448
173,1957_B08,L8XR_231116_02_C08,"scrnaSeq,ATACSeq",IlluminaNovaseq6000,8.82,A8XR_231114_01,L8XR_231116_02,MTX-2159,polyAselection,10x,cDNA,,False,forward,50bp,pairedEnd,1290825910,1252617463,7810,3976.5,12079.0,GRCh38,R8XR-23112803,SI-TT-C8_i7,,,,0.9598,0.9552,-L8XR_231116_02_C08-1315525449
174,1957_C08,L8XR_231116_02_D08,"scrnaSeq,ATACSeq",IlluminaNovaseq6000,9.48,A8XR_231114_01,L8XR_231116_02,MTX-2159,polyAselection,10x,cDNA,,False,forward,50bp,pairedEnd,1496705475,1453151346,7907,4035.0,11144.0,GRCh38,R8XR-23112803,SI-TT-D8_i7,,,,0.9605,0.9553,-L8XR_231116_02_D08-1315525450
175,1963_A06,L8XR_231130_21_B02,"scrnaSeq,ATACSeq",IlluminaNovaseq6000,9.18,A8XR_231117_01,L8XR_231130_21,MTX-2161,polyAselection,10x,cDNA,,False,forward,50bp,pairedEnd,1438229743,1383720836,4335,1607.0,2437.0,GRCh38,R8XR-23120504,SI-TT-B2_i7,,,,0.9512,0.9445,-L8XR_231130_21_B02-1319211410
176,1963_B06,L8XR_231130_21_C02,"scrnaSeq,ATACSeq",IlluminaNovaseq6000,9.27,A8XR_231117_01,L8XR_231130_21,MTX-2161,polyAselection,10x,cDNA,,False,forward,50bp,pairedEnd,838891930,806007366,4278,575.5,735.5,GRCh38,R8XR-23120504,SI-TT-C2_i7,,,,0.9504,0.9441,-L8XR_231130_21_C02-1319211411
177,1963_C06,L8XR_231130_21_G02,"scrnaSeq,ATACSeq",IlluminaNovaseq6000,7.93,A8XR_231117_01,L8XR_231130_21,MTX-2161,polyAselection,10x,cDNA,,False,forward,50bp,pairedEnd,1132591213,1089552747,7035,1566.0,2391.0,GRCh38,R8XR-23120504,SI-TT-G2_i7,,,,0.9497,0.9403,-L8XR_231130_21_G02-1319211412
178,1967_A09,L8XR_231130_21_D02,"scrnaSeq,ATACSeq",IlluminaNovaseq6000,8.75,A8XR_231121_01,L8XR_231130_21,MTX-2163,polyAselection,10x,cDNA,,False,forward,50bp,pairedEnd,1044651056,1008297199,5828,976.0,1345.0,GRCh38,R8XR-23120506,SI-TT-D2_i7,,,,0.9638,0.9535,-L8XR_231130_21_D02-1319291103
179,1967_B09,L8XR_231130_21_E02,"scrnaSeq,ATACSeq",IlluminaNovaseq6000,6.73,A8XR_231121_01,L8XR_231130_21,MTX-2163,polyAselection,10x,cDNA,,False,forward,50bp,pairedEnd,921662219,889035376,6719,899.0,1292.0,GRCh38,R8XR-23120506,SI-TT-E2_i7,,,,0.9616,0.9533,-L8XR_231130_21_E02-1319291104
180,1967_C09,L8XR_231130_21_F02,"scrnaSeq,ATACSeq",IlluminaNovaseq6000,7.03,A8XR_231121_01,L8XR_231130_21,MTX-2163,polyAselection,10x,cDNA,,False,forward,50bp,pairedEnd,995243657,960708702,11543,1203.0,1792.0,GRCh38,R8XR-23120506,SI-TT-F2_i7,,,,0.9642,0.9471,-L8XR_231130_21_F02-1319291105
181,1971_A04,L8XR_231130_21_A05,"scrnaSeq,ATACSeq",IlluminaNovaseq6000,9.43,A8XR_231128_01,L8XR_231130_21,MTX-2165,polyAselection,10x,cDNA,,False,forward,50bp,pairedEnd,1883671256,1846751299,4582,5440.5,21853.0,GRCh38,R8XR-23120508,SI-TT-A5_i7,,,,0.958,0.9523,-L8XR_231130_21_A05-1317753168
182,1971_B04,L8XR_231130_21_A03,"scrnaSeq,ATACSeq",IlluminaNovaseq6000,8.63,A8XR_231128_01,L8XR_231130_21,MTX-2165,polyAselection,10x,cDNA,,False,forward,50bp,pairedEnd,1478846205,1443501781,2192,2052.0,4102.0,GRCh38,R8XR-23120508,SI-TT-A3_i7,,,,0.9598,0.9549,-L8XR_231130_21_A03-1317753169
183,1971_C04,L8XR_231130_21_B03,"scrnaSeq,ATACSeq",IlluminaNovaseq6000,5.6,A8XR_231128_01,L8XR_231130_21,MTX-2165,polyAselection,10x,cDNA,,False,forward,50bp,pairedEnd,1441277104,1410433774,5224,3028.5,8099.5,GRCh38,R8XR-23120508,SI-TT-B3_i7,,,,0.9601,0.9559,-L8XR_231130_21_B03-1317753170
184,1997_A05,L8XR_231221_04_D04,"scrnaSeq,ATACSeq",IlluminaNovaseq6000,8.4,A8XR_231215_01,L8XR_231221_04,MTX-2171,polyAselection,10x,cDNA,,False,forward,50bp,pairedEnd,989750168,962433063,5865,539.0,710.0,GRCh38,R8XR-24010302,SI-TT-D4_i7,,,,0.945,0.9472,-L8XR_231221_04_D04-1322484695
185,1997_B05,L8XR_231221_04_F04,"scrnaSeq,ATACSeq",IlluminaNovaseq6000,8.0,A8XR_231215_01,L8XR_231221_04,MTX-2171,polyAselection,10x,cDNA,,False,forward,50bp,pairedEnd,1362341244,1326375435,5832,2180.0,3985.5,GRCh38,R8XR-24010302,SI-TT-F4_i7,,,,0.9451,0.9402,-L8XR_231221_04_F04-1322484696
186,1997_C05,L8XR_231221_04_E04,"scrnaSeq,ATACSeq",IlluminaNovaseq6000,7.2,A8XR_231215_01,L8XR_231221_04,MTX-2171,polyAselection,10x,cDNA,,False,forward,50bp,pairedEnd,1313734031,1278394586,6084,1252.0,1922.5,GRCh38,R8XR-24010302,SI-TT-E4_i7,,,,0.9443,0.9473,-L8XR_231221_04_E04-1322484697
187,2001_A08,L8XR_231221_02_D02,"scrnaSeq,ATACSeq",IlluminaNovaseq6000,8.1,A8XR_231219_01,L8XR_231221_02,MTX-2171,polyAselection,10x,cDNA,,False,forward,50bp,pairedEnd,964209004,940007358,6459,4492.0,13693.0,GRCh38,R8XR-24010302,SI-TT-D2_i7,,,,0.9433,0.939,-L8XR_231221_02_D02-1322484698
188,2001_B08,L8XR_231221_02_C02,"scrnaSeq,ATACSeq",IlluminaNovaseq6000,8.57,A8XR_231219_01,L8XR_231221_02,MTX-2171,polyAselection,10x,cDNA,,False,forward,50bp,pairedEnd,876368147,854984764,5709,4101.0,12529.0,GRCh38,R8XR-24010302,SI-TT-C2_i7,,,,0.9451,0.9408,-L8XR_231221_02_C02-1322484699
189,2001_C08,L8XR_231221_02_G02,"scrnaSeq,ATACSeq",IlluminaNovaseq6000,9.17,A8XR_231219_01,L8XR_231221_02,MTX-2171,polyAselection,10x,cDNA,,False,forward,50bp,pairedEnd,1074790686,1049640584,7725,5136.0,18234.0,GRCh38,R8XR-24010302,SI-TT-G2_i7,,,,0.9431,0.9393,-L8XR_231221_02_G02-1322484700
190,2070_A05,L8XR_240229_02_C09,"scrnaSeq,ATACSeq",IlluminaNovaseq6000,9.18,A8XR_240216_01,L8XR_240229_02,MTX-2174,polyAselection,10x,cDNA,,False,forward,50bp,pairedEnd,1428657229,1393940858,5857,3775.0,11224.0,GRCh38,R8XR-24030506,SI-TT-C9_i7,,,,0.956,0.9476,-L8XR_240229_02_C09-1337926207
191,2070_B05,L8XR_240229_04_E06,"scrnaSeq,ATACSeq",IlluminaNovaseq6000,8.0,A8XR_240216_01,L8XR_240229_04,MTX-2174,polyAselection,10x,cDNA,,False,forward,50bp,pairedEnd,1537308111,1498721677,3318,3509.5,10672.5,GRCh38,R8XR-24030506,SI-TT-E6_i7,,,,0.9548,0.9495,-L8XR_240229_04_E06-1337926208
192,2070_C05,L8XR_240222_01_C10,"scrnaSeq,ATACSeq",IlluminaNovaseq6000,7.93,A8XR_240216_01,L8XR_240222_01,MTX-2174,polyAselection,10x,cDNA,,False,forward,50bp,pairedEnd,1791834803,1747934850,6095,4482.0,14139.0,GRCh38,R8XR-24030506,SI-TT-C10_i7,,,,0.9551,0.9474,-L8XR_240222_01_C10-1337926209
193,2075_C10,L8XR_240222_21_A01,"scrnaSeq,ATACSeq",IlluminaNovaseq6000,5.6,A8XR_240220_01,L8XR_240222_21,MTX-2173,polyAselection,10x,cDNA,,False,forward,50bp,pairedEnd,967124053,936272796,6044,3698.0,11212.0,GRCh38,R8XR-24022706,SI-TT-A1_i7,,,,0.9524,0.946,-L8XR_240222_21_A01-1335379341
194,2075_B10,L8XR_240222_21_D01,"scrnaSeq,ATACSeq",IlluminaNovaseq6000,9.07,A8XR_240220_01,L8XR_240222_21,MTX-2174,polyAselection,10x,cDNA,,False,forward,50bp,pairedEnd,1244464780,1213228714,6633,4935.0,17616.0,GRCh38,R8XR-24030506,SI-TT-D1_i7,,,,0.9567,0.9524,-L8XR_240222_21_D01-1337926210
195,2075_A10,L8XR_240222_21_C01,"scrnaSeq,ATACSeq",IlluminaNovaseq6000,8.57,A8XR_240220_01,L8XR_240222_21,MTX-2173,polyAselection,10x,cDNA,,False,forward,50bp,pairedEnd,1116440115,1082946912,8489,3749.0,10852.0,GRCh38,R8XR-24022706,SI-TT-C1_i7,,,,0.9511,0.9439,-L8XR_240222_21_C01-1335379340
196,2094_A07,L8XR_240307_21_A11,"scrnaSeq,ATACSeq",IlluminaNovaseq6000,9.43,A8XR_240301_01,L8XR_240307_21,MTX-2175,polyAselection,10x,cDNA,,False,forward,50bp,pairedEnd,1119727797,1092966303,6794,3704.0,9897.5,GRCh38,R8XR-24031904,SI-TT-A11_i7,,,,0.9596,0.95,-L8XR_240307_21_A11-1342044284
197,2094_B07,L8XR_240307_21_D10,"scrnaSeq,ATACSeq",IlluminaNovaseq6000,8.65,A8XR_240301_01,L8XR_240307_21,MTX-2175,polyAselection,10x,cDNA,,False,forward,50bp,pairedEnd,1265860090,1234340174,6585,3589.0,8988.0,GRCh38,R8XR-24031904,SI-TT-D10_i7,,,,0.9561,0.9487,-L8XR_240307_21_D10-1342044285
198,2094_C07,L8XR_240307_21_D01,"scrnaSeq,ATACSeq",IlluminaNovaseq6000,7.2,A8XR_240301_01,L8XR_240307_21,MTX-2175,polyAselection,10x,cDNA,,False,forward,50bp,pairedEnd,1234857089,1205220519,5250,2681.5,6194.0,GRCh38,R8XR-24031904,SI-TT-D1_i7,,,,0.959,0.9505,-L8XR_240307_21_D01-1342044286
199,2100_A11,L8XR_240307_02_E02,"scrnaSeq,ATACSeq",IlluminaNovaseq6000,6.73,A8XR_240305_01,L8XR_240307_02,MTX-2175,polyAselection,10x,cDNA,,False,forward,50bp,pairedEnd,1883462424,1834680747,7065,3719.0,11293.0,GRCh38,R8XR-24031904,SI-TT-E2_i7,,,,0.9593,0.9487,-L8XR_240307_02_E02-1342044287
200,2100_B11,L8XR_240307_02_C03,"scrnaSeq,ATACSeq",IlluminaNovaseq6000,8.27,A8XR_240305_01,L8XR_240307_02,MTX-2175,polyAselection,10x,cDNA,,False,forward,50bp,pairedEnd,1622702101,1576779632,8475,2810.0,6792.0,GRCh38,R8XR-24031904,SI-TT-C3_i7,,,,0.9577,0.9514,-L8XR_240307_02_C03-1342044288
201,2121_A04,L8XR_240328_02_C05,"scrnaSeq,ATACSeq",IlluminaNovaseq6000,5.67,A8XR_240322_01,L8XR_240328_02,MTX-2176,polyAselection,10x,cDNA,,False,forward,50bp,pairedEnd,1590570979,1546830277,4707,3968.0,13805.0,GRCh38,R8XR-24040205,SI-TT-C5_i7,,,,0.9655,0.9558,-L8XR_240328_02_C05-954721186e43610ffa480d9815d34338a6650422
202,2121_B04,L8XR_240322_02_E01,"scrnaSeq,ATACSeq",IlluminaNovaseq6000,9.43,A8XR_240315_01,L8XR_240322_02,MTX-2176,polyAselection,10x,cDNA,,False,forward,50bp,pairedEnd,1691998041,1645806494,7641,5481.0,21830.0,GRCh38,R8XR-24040205,SI-TT-E1_i7,,,,0.9631,0.9508,-L8XR_240322_02_E01-3b16e5743b481a1b9c149f7a40b55c75284198c8
203,2121_C04,L8XR_240328_02_E05,"scrnaSeq,ATACSeq",IlluminaNovaseq6000,8.98,A8XR_240322_01,L8XR_240328_02,MTX-2176,polyAselection,10x,cDNA,,False,forward,50bp,pairedEnd,1690379043,1641696127,17409,2170.0,4155.0,GRCh38,R8XR-24040205,SI-TT-E5_i7,,,,0.9629,0.9519,-L8XR_240328_02_E05-a63aefcbc26958e6317a6950b6e49f9a226bf1ce
204,2134_A05,L8XR_240328_02_F05,"scrnaSeq,ATACSeq",IlluminaNovaseq6000,9.07,A8XR_240322_01,L8XR_240328_02,MTX-2176,polyAselection,10x,cDNA,,False,forward,50bp,pairedEnd,1506921517,1462768717,8431,4914.0,16584.0,GRCh38,R8XR-24040205,SI-TT-F5_i7,,,,0.9605,0.9493,-L8XR_240328_02_F05-bfa1a1eaaeb6e2541ee8a7a75606016973053ef0
205,2134_B05,L8XR_240328_02_G05,"scrnaSeq,ATACSeq",IlluminaNovaseq6000,9.08,A8XR_240322_01,L8XR_240328_02,MTX-2177,polyAselection,10x,cDNA,,False,forward,50bp,pairedEnd,1151958301,1122583364,7877,4865.0,14227.0,GRCh38,R8XR-24041605,SI-TT-G5_i7,,,,0.9608,0.9512,-L8XR_240328_02_G05-7ad5fc6b3cafb71c1170661eb0ead591b10f0786
206,2134_C05,L8XR_240328_02_D05,"scrnaSeq,ATACSeq",IlluminaNovaseq6000,8.57,A8XR_240322_01,L8XR_240328_02,MTX-2177,polyAselection,10x,cDNA,,False,forward,50bp,pairedEnd,1288322230,1256758335,6855,3746.0,10156.0,GRCh38,R8XR-24041605,SI-TT-D5_i7,,,,0.9583,0.9509,-L8XR_240328_02_D05-18c51b80adc8f3c840cded044100fe313b134039
207,2150_A07,L8XR_240404_03_F10,"scrnaSeq,ATACSeq",IlluminaNovaseq6000,8.82,A8XR_240329_01,L8XR_240404_03,MTX-2177,polyAselection,10x,cDNA,,False,forward,50bp,pairedEnd,1554569187,1517414983,5851,4880.0,15279.0,GRCh38,R8XR-24041605,SI-TT-F10_i7,,,,0.9597,0.9521,-L8XR_240404_03_F10-0506a719c4d6a4112d4be69803ee013122336964
208,2150_B07,L8XR_240404_03_C10,"scrnaSeq,ATACSeq",IlluminaNovaseq6000,9.55,A8XR_240329_01,L8XR_240404_03,MTX-2177,polyAselection,10x,cDNA,,False,forward,50bp,pairedEnd,1293609856,1262563219,5621,3489.0,9032.0,GRCh38,R8XR-24041605,SI-TT-C10_i7,,,,0.956,0.9515,-L8XR_240404_03_C10-ef7e3c15e7f38d6993b4ca57739fa5e38539dd47
209,2150_C07,L8XR_240404_03_D10,"scrnaSeq,ATACSeq",IlluminaNovaseq6000,8.68,A8XR_240329_01,L8XR_240404_03,MTX-2177,polyAselection,10x,cDNA,,False,forward,50bp,pairedEnd,1314804386,1282065757,8879,3634.0,9543.0,GRCh38,R8XR-24041605,SI-TT-D10_i7,,,,0.9575,0.9514,-L8XR_240404_03_D10-80bea1fe6209862bccac57f3b2e7ce30e4e6a120
210,2175_A09,L8XR_240411_02_C02,"scrnaSeq,ATACSeq",IlluminaNovaseq6000,6.73,A8XR_240409_01,L8XR_240411_02,MTX-2178,polyAselection,10x,cDNA,,False,forward,50bp,pairedEnd,1084569097,1054309619,7395,3541.0,10260.0,GRCh38,R8XR-24042303,SI-TT-C2_i7,,,,0.9497,0.9428,-L8XR_240411_02_C02-a291f3633c2c4b0d7648cf8c4b1abbe8fca2b935
211,2175_B09,L8XR_240411_02_D02,"scrnaSeq,ATACSeq",IlluminaNovaseq6000,5.6,A8XR_240409_01,L8XR_240411_02,MTX-2178,polyAselection,10x,cDNA,,False,forward,50bp,pairedEnd,1202904546,1169223219,6640,3494.5,9705.5,GRCh38,R8XR-24042303,SI-TT-D2_i7,,,,0.9519,0.9447,-L8XR_240411_02_D02-24c5d6789d02b5f1cef45a76f127f62cbf3beb63
212,2184_A06,L8XR_240418_02_D07,"scrnaSeq,ATACSeq",IlluminaNovaseq6000,8.1,A8XR_240412_01,L8XR_240418_02,MTX-2179,polyAselection,10x,cDNA,,False,forward,50bp,pairedEnd,971632544,943163710,8227,3126.0,6645.0,GRCh38,R8XR-24043003,SI-TT-D7_i7,,,,0.9584,0.9512,-L8XR_240418_02_D07-2009172adc59e880804c63e9c6681c499db9b1c6
213,2184_B06,L8XR_240418_02_G07,"scrnaSeq,ATACSeq",IlluminaNovaseq6000,8.87,A8XR_240412_01,L8XR_240418_02,MTX-2179,polyAselection,10x,cDNA,,False,forward,50bp,pairedEnd,1502999343,1458660862,8568,4243.5,10857.5,GRCh38,R8XR-24043003,SI-TT-G7_i7,,,,0.9564,0.9468,-L8XR_240418_02_G07-8a5fe1d962ff9444d0a6f3fbb69ec18cdf03f32d
214,2184_C06,L8XR_240418_02_H07,"scrnaSeq,ATACSeq",IlluminaNovaseq6000,9.17,A8XR_240412_01,L8XR_240418_02,MTX-2179,polyAselection,10x,cDNA,,False,forward,50bp,pairedEnd,1459544483,1417071739,9985,3638.0,8757.0,GRCh38,R8XR-24043003,SI-TT-H7_i7,,,,0.9566,0.9473,-L8XR_240418_02_H07-a21bad04f4810ff1f9f1374f1ac9c83705f1e16e
215,2196_A05,L8XR_240425_01_E01,"scrnaSeq,ATACSeq",IlluminaNovaseq6000,9.04,A8XR_240419_01,L8XR_240425_01,MTX-2180,polyAselection,10x,cDNA,,False,forward,50bp,pairedEnd,1712502259,1666264698,8227,4348.0,10641.0,GRCh38,R8XR-24043004,SI-TT-E1_i7,,,,0.9587,0.9463,-L8XR_240425_01_E01-0c5280aa8e540dd9c2732f5954423ba306969992
216,2196_B05,L8XR_240425_01_G02,"scrnaSeq,ATACSeq",IlluminaNovaseq6000,8.03,A8XR_240419_01,L8XR_240425_01,MTX-2180,polyAselection,10x,cDNA,,False,forward,50bp,pairedEnd,1841999745,1790792152,9728,4246.0,11245.0,GRCh38,R8XR-24043004,SI-TT-G2_i7,,,,0.9553,0.9445,-L8XR_240425_01_G02-4af1ba028eb9ec69dbc461c1aff721244e5baaec
217,2196_C05,L8XR_240425_01_F01,"scrnaSeq,ATACSeq",IlluminaNovaseq6000,7.03,A8XR_240419_01,L8XR_240425_01,MTX-2180,polyAselection,10x,cDNA,,False,forward,50bp,pairedEnd,1662367646,1619146087,8983,3561.0,9351.0,GRCh38,R8XR-24043004,SI-TT-F1_i7,,,,0.9566,0.9432,-L8XR_240425_01_F01-afc3064a945d2f22ccf60ae01656793b9de3712d
218,2211_A09,L8XR_240502_02_C08,"scrnaSeq,ATACSeq",IlluminaNovaseq6000,9.43,A8XR_240430_02,L8XR_240502_02,MTX-2182,polyAselection,10x,cDNA,,False,forward,50bp,pairedEnd,936751122,911927217,8429,4073.0,10225.0,GRCh38,R8XR-24051404,SI-TT-C8_i7,,,,0.9582,0.9515,-L8XR_240502_02_C08-8ddc01f2993ce307abc20a2275c48efe754a5a99
219,2211_B09,L8XR_240502_02_C06,"scrnaSeq,ATACSeq",IlluminaNovaseq6000,8.4,A8XR_240430_02,L8XR_240502_02,MTX-2182,polyAselection,10x,cDNA,,False,forward,50bp,pairedEnd,1191446892,1161660720,6433,4002.0,11942.0,GRCh38,R8XR-24051404,SI-TT-C6_i7,,,,0.9604,0.9524,-L8XR_240502_02_C06-cde8b3eb38bc4f90b9869ea1a12368a74ca5544a
220,2211_C09,L8XR_240502_02_A07,"scrnaSeq,ATACSeq",IlluminaNovaseq6000,8.0,A8XR_240430_02,L8XR_240502_02,MTX-2182,polyAselection,10x,cDNA,,False,forward,50bp,pairedEnd,1374713440,1332097323,7906,4216.0,12731.5,GRCh38,R8XR-24051404,SI-TT-A7_i7,,,,0.9594,0.9506,-L8XR_240502_02_A07-f034e9a75d46f9fcabd211a127e98494f0b6c25b
221,2217_A04,L8XR_240509_01_D10,"scrnaSeq,ATACSeq",IlluminaNovaseq6000,8.65,A8XR_240503_01,L8XR_240509_01,MTX-2182,polyAselection,10x,cDNA,,False,forward,50bp,pairedEnd,1111365191,1082136286,6117,2932.0,6221.0,GRCh38,R8XR-24051404,SI-TT-D10_i7,,,,0.9598,0.9527,-L8XR_240509_01_D10-a4b36221af8396103afb55d305f49925b3fcf71d
222,2217_B04,L8XR_240509_01_C10,"scrnaSeq,ATACSeq",IlluminaNovaseq6000,8.63,A8XR_240503_01,L8XR_240509_01,MTX-2182,polyAselection,10x,cDNA,,False,forward,50bp,pairedEnd,1464043468,1425539125,4718,2116.5,4079.5,GRCh38,R8XR-24051404,SI-TT-C10_i7,,,,0.9601,0.9525,-L8XR_240509_01_C10-e1f56f24f71bf8d1f1b0cc442f79d7c7ec1df8d3
223,2217_C04,L8XR_240509_01_B11,"scrnaSeq,ATACSeq",IlluminaNovaseq6000,9.18,A8XR_240503_01,L8XR_240509_01,MTX-2183,polyAselection,10x,cDNA,,False,forward,50bp,pairedEnd,1532797128,1492944403,8336,4817.5,13857.0,GRCh38,R8XR-24051405,SI-TT-B11_i7,,,,0.9579,0.9531,-L8XR_240509_01_B11-b757657d7072a4c9a29feba695d9a87ab7f49503
224,2223_A08,L8XR_240509_21_B09,"scrnaSeq,ATACSeq",IlluminaNovaseq6000,8.75,A8XR_240507_01,L8XR_240509_21,MTX-2183,polyAselection,10x,cDNA,,False,forward,50bp,pairedEnd,1894172655,1846250087,6815,3365.0,8695.0,GRCh38,R8XR-24051405,SI-TT-B9_i7,,,,0.9611,0.9579,-L8XR_240509_21_B09-b05dbf24379f23bc753ef81ea33b40263937be13
225,2223_B08,L8XR_240509_21_D09,"scrnaSeq,ATACSeq",IlluminaNovaseq6000,8.27,A8XR_240507_01,L8XR_240509_21,MTX-2183,polyAselection,10x,cDNA,,False,forward,50bp,pairedEnd,1526709166,1487930753,7251,3608.0,9233.0,GRCh38,R8XR-24051405,SI-TT-D9_i7,,,,0.9619,0.9602,-L8XR_240509_21_D09-8351fe2fadf17c18614b802e9cf3805fdcff9d3c
226,2223_1_D08,L8XR_240509_21_C09,"scrnaSeq,ATACSeq",IlluminaNovaseq6000,7.2,A8XR_240507_01,L8XR_240509_21,MTX-2184,polyAselection,10x,cDNA,,False,forward,50bp,pairedEnd,1511559657,1476793785,4491,2573.0,5800.0,GRCh38,R8XR-24052102,SI-TT-C9_i7,,,,0.9568,0.9517,-L8XR_240509_21_C09-33a00612e9582ef251dcdfddcaba686098ab8011
227,2228_A05,L8XR_240516_21_B01,"scrnaSeq,ATACSeq",IlluminaNovaseq6000,8.33,A8XR_240510_01,L8XR_240516_21,MTX-2184,polyAselection,10x,cDNA,,False,forward,50bp,pairedEnd,1604455334,1567873752,5651,3811.0,10432.0,GRCh38,R8XR-24052102,SI-TT-B1_i7,,,,0.958,0.9529,-L8XR_240516_21_B01-1273341bf987970d7c297125e7b4921a13b69dc7
228,2228_B05,L8XR_240516_21_C01,"scrnaSeq,ATACSeq",IlluminaNovaseq6000,9.27,A8XR_240510_01,L8XR_240516_21,MTX-2184,polyAselection,10x,cDNA,,False,forward,50bp,pairedEnd,1573618279,1537110335,4187,3404.0,8605.0,GRCh38,R8XR-24052102,SI-TT-C1_i7,,,,0.9566,0.9525,-L8XR_240516_21_C01-0e575656348f678e74505abe942be8a09f660a40
229,2228_C05,L8XR_240516_21_D01,"scrnaSeq,ATACSeq",IlluminaNovaseq6000,7.27,A8XR_240510_01,L8XR_240516_21,MTX-2184,polyAselection,10x,cDNA,,False,forward,50bp,pairedEnd,1372453644,1340612719,7834,2659.0,6337.0,GRCh38,R8XR-24052102,SI-TT-D1_i7,,,,0.9558,0.95,-L8XR_240516_21_D01-568069e5ae14be524339e8a8397ea280b38254bc
230,2239_A06,L8XR_240523_22_E05,"scrnaSeq,ATACSeq",IlluminaNovaseq6000,9.6,A8XR_240517_01,L8XR_240523_22,MTX-2186,polyAselection,10x,cDNA,,False,forward,50bp,pairedEnd,1946652619,1897402308,5411,2844.0,6242.0,GRCh38,R8XR-24060404,SI-TT-E5_i7,,,,0.9585,0.9496,-L8XR_240523_22_E05-74a6f2aba4d126c5717de3fd47d8042ce82acf63
231,2239_C06,L8XR_240523_22_B06,"scrnaSeq,ATACSeq",IlluminaNovaseq6000,7.93,A8XR_240517_01,L8XR_240523_22,MTX-2186,polyAselection,10x,cDNA,,False,forward,50bp,pairedEnd,1358048183,1323825369,7956,3151.0,7010.5,GRCh38,R8XR-24060404,SI-TT-B6_i7,,,,0.9567,0.9475,-L8XR_240523_22_B06-9a291651e1a39d414ef633a39c5a73dc3666a1b1
232,2351_B09,L8XR_240801_02_F09,"scrnaSeq,ATACSeq",IlluminaNovaseq6000,8.67,A8XR_240730_01,L8XR_240801_02,MTX-2193,polyAselection,10x,cDNA,,False,forward,50bp,pairedEnd,1552458813,1512871113,5983,4544.0,14553.0,GRCh38,R8XR-24080606,SI-TT-F9_i7,,,,0.9433,0.9491,-L8XR_240801_02_F09-69485c65e643fa0fdd3fc50a9d464710b73b2c3c
233,1467_C08,L8XR_221020_01_E05,"scrnaSeq,ATACSeq",IlluminaNovaseq6000,9.07,A8XR_221018_01,L8XR_221020_01,MTX-2112,polyAselection,10x,cDNA,,False,forward,50bp,pairedEnd,1821718230,1731178834,5763,6171.0,26655.0,GRCh38,R8XR-22110102,SI-TT-E5_i7,,,,0.961,0.9512,-L8XR_221020_01_E05-1225051611
234,1476_A06,L8XR_221027_03_H01,"scrnaSeq,ATACSeq",IlluminaNovaseq6000,9.43,A8XR_221025_01,L8XR_221027_03,MTX-2112,polyAselection,10x,cDNA,,False,forward,50bp,pairedEnd,1634340134,1550171617,7778,5667.5,25413.0,GRCh38,R8XR-22110102,SI-TT-H1_i7,,,,0.9553,0.9541,-L8XR_221027_03_H01-1225051613
235,1476_B06,L8XR_221027_02_F12,"scrnaSeq,ATACSeq",IlluminaNovaseq6000,8.82,A8XR_221025_01,L8XR_221027_02,MTX-2112,polyAselection,10x,cDNA,,False,forward,50bp,pairedEnd,1371315079,1300555221,13640,5592.5,23142.0,GRCh38,R8XR-22110102,SI-TT-F12_i7,,,,0.9612,0.9448,-L8XR_221027_02_F12-1225051614
236,1476_C06,L8XR_221027_02_G12,"scrnaSeq,ATACSeq",IlluminaNovaseq6000,8.57,A8XR_221025_01,L8XR_221027_02,MTX-2112,polyAselection,10x,cDNA,,False,forward,50bp,pairedEnd,1687083447,1603741525,8597,6502.0,25410.0,GRCh38,R8XR-22110102,SI-TT-G12_i7,,,,0.9578,0.9497,-L8XR_221027_02_G12-1225051615
237,1485_A05,L8XR_221103_02_E02,"scrnaSeq,ATACSeq",IlluminaNovaseq6000,8.87,A8XR_221101_01,L8XR_221103_02,MTX-2113,polyAselection,10x,cDNA,,False,forward,50bp,pairedEnd,1234258258,1177358952,7230,6795.5,30832.5,GRCh38,R8XR-22111503,SI-TT-E2_i7,,,,0.9645,0.9592,-L8XR_221103_02_E02-1228181629
238,1485_B05,L8XR_221103_02_G04,"scrnaSeq,ATACSeq",IlluminaNovaseq6000,8.65,A8XR_221101_01,L8XR_221103_02,MTX-2113,polyAselection,10x,cDNA,,False,forward,50bp,pairedEnd,1163483886,1105193343,7275,5335.0,19918.0,GRCh38,R8XR-22111503,SI-TT-G4_i7,,,,0.9684,0.9559,-L8XR_221103_02_G04-1228181630
239,1485_C05,L8XR_221103_02_H04,"scrnaSeq,ATACSeq",IlluminaNovaseq6000,8.6,A8XR_221101_01,L8XR_221103_02,MTX-2113,polyAselection,10x,cDNA,,False,forward,50bp,pairedEnd,362002590,343974861,3401,5110.0,19658.0,GRCh38,R8XR-22111503,SI-TT-H4_i7,,,,0.9683,0.9599,-L8XR_221103_02_H04-1228181631
240,1498_B06,L8XR_221110_03_D08,"scrnaSeq,ATACSeq",IlluminaNovaseq6000,9.48,A8XR_221108_01,L8XR_221110_03,MTX-2113,polyAselection,10x,cDNA,,False,forward,50bp,pairedEnd,1529172756,1450726194,9906,5838.0,20242.0,GRCh38,R8XR-22111503,SI-TT-D8_i7,,,,0.9656,0.9585,-L8XR_221110_03_D08-1228181635
241,1498_C06,L8XR_221110_02_G06,"scrnaSeq,ATACSeq",IlluminaNovaseq6000,9.17,A8XR_221108_01,L8XR_221110_02,MTX-2113,polyAselection,10x,cDNA,,False,forward,50bp,pairedEnd,2065002435,1962991315,5562,6441.0,28265.5,GRCh38,R8XR-22111503,SI-TT-G6_i7,,,,0.9666,0.9579,-L8XR_221110_02_G06-1228181636
242,1531_A05,L8XR_221208_01_G06,"scrnaSeq,ATACSeq",IlluminaNovaseq6000,9.55,A8XR_221206_01,L8XR_221208_01,MTX-2115,polyAselection,10x,cDNA,,False,forward,50bp,pairedEnd,1650877363,1577743496,8502,5126.5,21230.5,GRCh38,R8XR-23010401,SI-TT-G6_i7,,,,0.9142,0.9151,-L8XR_221208_01_G06-1239549592
243,1531_B05,L8XR_221208_01_H06,"scrnaSeq,ATACSeq",IlluminaNovaseq6000,9.08,A8XR_221206_01,L8XR_221208_01,MTX-2115,polyAselection,10x,cDNA,,False,forward,50bp,pairedEnd,1373326133,1311389124,7599,6697.0,28636.0,GRCh38,R8XR-23010401,SI-TT-H6_i7,,,,0.9139,0.9171,-L8XR_221208_01_H06-1239549593
244,1531_C05,L8XR_221208_01_A07,"scrnaSeq,ATACSeq",IlluminaNovaseq6000,9.04,A8XR_221206_01,L8XR_221208_01,MTX-2115,polyAselection,10x,cDNA,,False,forward,50bp,pairedEnd,1380300127,1319566921,9780,5525.0,16869.5,GRCh38,R8XR-23010401,SI-TT-A7_i7,,,,0.9316,0.9081,-L8XR_221208_01_A07-1239549594
245,1981_A09,L8XR_231207_01_F06,"scrnaSeq,ATACSeq",IlluminaNovaseq6000,8.6,A8XR_231205_01,L8XR_231207_01,MTX-2168,polyAselection,10x,cDNA,,False,forward,50bp,pairedEnd,1490420012,1457928856,7476,5612.0,24485.0,GRCh38,R8XR-23121204,SI-TT-F6_i7,,,,0.9584,0.9498,-L8XR_231207_01_F06-1322259035
246,1981_B09,L8XR_231207_01_G06,"scrnaSeq,ATACSeq",IlluminaNovaseq6000,8.67,A8XR_231205_01,L8XR_231207_01,MTX-2168,polyAselection,10x,cDNA,,False,forward,50bp,pairedEnd,1752809968,1716526802,7622,5261.0,21971.0,GRCh38,R8XR-23121204,SI-TT-G6_i7,,,,0.9591,0.9535,-L8XR_231207_01_G06-1322259037
247,1981_C09,L8XR_231207_01_H07,"scrnaSeq,ATACSeq",IlluminaNovaseq6000,8.03,A8XR_231205_01,L8XR_231207_01,MTX-2168,polyAselection,10x,cDNA,,False,forward,50bp,pairedEnd,1371331867,1342808164,8413,5254.0,18299.0,GRCh38,R8XR-23121204,SI-TT-H7_i7,,,,0.9584,0.9509,-L8XR_231207_01_H07-1322259038
248,1987_A05,L8XR_231214_01_C01,"scrnaSeq,ATACSeq",IlluminaNovaseq6000,9.07,A8XR_231208_01,L8XR_231214_01,MTX-2169,polyAselection,10x,cDNA,,False,forward,50bp,pairedEnd,1666468554,1628973012,7367,4924.0,18558.0,GRCh38,R8XR-23121904,SI-TT-C1_i7,,,,0.9402,0.9392,-L8XR_231214_01_C01-1321850073
249,1987_B05,L8XR_231214_01_D01,"scrnaSeq,ATACSeq",IlluminaNovaseq6000,9.07,A8XR_231208_01,L8XR_231214_01,MTX-2169,polyAselection,10x,cDNA,,False,forward,50bp,pairedEnd,1607969539,1569539067,4803,5160.0,19003.0,GRCh38,R8XR-23121904,SI-TT-D1_i7,,,,0.941,0.9453,-L8XR_231214_01_D01-1321850074
250,1987_C05,L8XR_231214_01_E01,"scrnaSeq,ATACSeq",IlluminaNovaseq6000,7.27,A8XR_231208_01,L8XR_231214_01,MTX-2169,polyAselection,10x,cDNA,,False,forward,50bp,pairedEnd,1632424483,1595041962,6460,5298.5,24443.5,GRCh38,R8XR-23121904,SI-TT-E1_i7,,,,0.9409,0.9393,-L8XR_231214_01_E01-1321850076
251,1991_A09,L8XR_231214_01_A11,"scrnaSeq,ATACSeq",IlluminaNovaseq6000,9.08,A8XR_231212_01,L8XR_231214_01,MTX-2170,polyAselection,10x,cDNA,,False,forward,50bp,pairedEnd,1630251555,1594386021,6422,5954.5,25394.5,GRCh38,R8XR-23121905,SI-TT-A11_i7,,,,0.9556,0.9491,-L8XR_231214_01_A11-1321727991
252,1991_B09,L8XR_231214_01_B01,"scrnaSeq,ATACSeq",IlluminaNovaseq6000,7.93,A8XR_231212_01,L8XR_231214_01,MTX-2170,polyAselection,10x,cDNA,,False,forward,50bp,pairedEnd,1388985663,1357177891,8644,2846.0,7662.5,GRCh38,R8XR-23121905,SI-TT-B1_i7,,,,0.9555,0.9533,-L8XR_231214_01_B01-1321727992
253,1991_C09,L8XR_231214_01_A01,"scrnaSeq,ATACSeq",IlluminaNovaseq6000,8.63,A8XR_231212_01,L8XR_231214_01,MTX-2171,polyAselection,10x,cDNA,,False,forward,50bp,pairedEnd,1595863104,1552136455,2999,2837.0,6801.0,GRCh38,R8XR-24010302,SI-TT-A1_i7,,,,0.9453,0.941,-L8XR_231214_01_A01-1322484694
254,2007_A06,L8XR_240104_01_E05,"scrnaSeq,ATACSeq",IlluminaNovaseq6000,9.55,A8XR_231222_01,L8XR_240104_01,MTX-2172,polyAselection,10x,cDNA,,False,forward,50bp,pairedEnd,1380423172,1347154974,4042,2344.0,5109.0,GRCh38,R8XR-24012304,SI-TT-E5_i7,,,,0.952,0.9544,-L8XR_240104_01_E05-1328481788
255,2007_B06,L8XR_240104_01_D05,"scrnaSeq,ATACSeq",IlluminaNovaseq6000,8.98,A8XR_231222_01,L8XR_240104_01,MTX-2172,polyAselection,10x,cDNA,,False,forward,50bp,pairedEnd,1475870851,1441778234,5889,2037.0,4253.0,GRCh38,R8XR-24012304,SI-TT-D5_i7,,,,0.9528,0.9515,-L8XR_240104_01_D05-1328481789
256,2022_A05,L8XR_240118_21_F01,"scrnaSeq,ATACSeq",IlluminaNovaseq6000,8.82,A8XR_240112_01,L8XR_240118_21,MTX-2172,polyAselection,10x,cDNA,,False,forward,50bp,pairedEnd,1560197941,1526809705,3839,2733.0,6664.0,GRCh38,R8XR-24012304,SI-TT-F1_i7,,,,0.9531,0.9501,-L8XR_240118_21_F01-1328481790
257,2022_B05,L8XR_240118_21_E01,"scrnaSeq,ATACSeq",IlluminaNovaseq6000,7.9,A8XR_240112_01,L8XR_240118_21,MTX-2172,polyAselection,10x,cDNA,,False,forward,50bp,pairedEnd,1637452336,1599627187,2017,1210.0,2096.0,GRCh38,R8XR-24012304,SI-TT-E1_i7,,,,0.9533,0.953,-L8XR_240118_21_E01-1328481791
258,2027_A09,L8XR_240118_01_F11,"scrnaSeq,ATACSeq",IlluminaNovaseq6000,8.63,A8XR_240116_01,L8XR_240118_01,MTX-2172,polyAselection,10x,cDNA,,False,forward,50bp,pairedEnd,1378984613,1347681662,1621,1628.0,2968.0,GRCh38,R8XR-24012304,SI-TT-F11_i7,,,,0.9521,0.9551,-L8XR_240118_01_F11-1328481792
259,2027_B09,L8XR_240118_01_G11,"scrnaSeq,ATACSeq",IlluminaNovaseq6000,9.27,A8XR_240116_01,L8XR_240118_01,MTX-2173,polyAselection,10x,cDNA,,False,forward,50bp,pairedEnd,1276134713,1235298402,6449,3836.0,12219.0,GRCh38,R8XR-24022706,SI-TT-G11_i7,,,,0.9531,0.9476,-L8XR_240118_01_G11-1335379331
260,2065_A09,L8XR_240215_01_H07,"scrnaSeq,ATACSeq",IlluminaNovaseq6000,8.75,A8XR_240213_01,L8XR_240215_01,MTX-2173,polyAselection,10x,cDNA,,False,forward,50bp,pairedEnd,1515844386,1470520639,5652,3162.0,7581.5,GRCh38,R8XR-24022706,SI-TT-H7_i7,,,,0.952,0.9434,-L8XR_240215_01_H07-1335379335
261,2065_B09,L8XR_240215_01_F07,"scrnaSeq,ATACSeq",IlluminaNovaseq6000,8.4,A8XR_240213_01,L8XR_240215_01,MTX-2173,polyAselection,10x,cDNA,,False,forward,50bp,pairedEnd,1592295913,1542297821,2886,1492.0,2352.5,GRCh38,R8XR-24022706,SI-TT-F7_i7,,,,0.9537,0.9467,-L8XR_240215_01_F07-1335379337
262,2065_C09,L8XR_240215_01_G07,"scrnaSeq,ATACSeq",IlluminaNovaseq6000,8.63,A8XR_240213_01,L8XR_240215_01,MTX-2173,polyAselection,10x,cDNA,,False,forward,50bp,pairedEnd,1587808338,1540967992,3260,1817.0,3195.5,GRCh38,R8XR-24022706,SI-TT-G7_i7,,,,0.9526,0.9466,-L8XR_240215_01_G07-1335379339
263,2109_A08,L8XR_240314_21_H06,"scrnaSeq,ATACSeq",IlluminaNovaseq6000,8.85,A8XR_240308_01,L8XR_240314_21,MTX-2175,polyAselection,10x,cDNA,,False,forward,50bp,pairedEnd,1068455902,1042492424,6910,5170.0,18499.0,GRCh38,R8XR-24031904,SI-TT-H6_i7,,,,0.9596,0.9539,-L8XR_240314_21_H06-c3a82732eaf8a4ab4e930806ece378379f73b2e4
264,2109_B08,L8XR_240314_21_A06,"scrnaSeq,ATACSeq",IlluminaNovaseq6000,7.93,A8XR_240308_01,L8XR_240314_21,MTX-2176,polyAselection,10x,cDNA,,False,forward,50bp,pairedEnd,1081424725,1052550685,5459,4642.0,18429.0,GRCh38,R8XR-24040205,SI-TT-A6_i7,,,,0.9591,0.9565,-L8XR_240314_21_A06-9f1b0e72bce410914900f84a81927f1f00caafe0
265,2109_C08,L8XR_240314_21_B06,"scrnaSeq,ATACSeq",IlluminaNovaseq6000,8.82,A8XR_240308_01,L8XR_240314_21,MTX-2176,polyAselection,10x,cDNA,,False,forward,50bp,pairedEnd,1136149333,1105586916,6671,5769.0,23667.0,GRCh38,R8XR-24040205,SI-TT-B6_i7,,,,0.9619,0.9545,-L8XR_240314_21_B06-ccc369b3cae67e1a369ba46d42cd1532ffb8ec8a
266,2117_A11,L8XR_240314_02_F07,"scrnaSeq,ATACSeq",IlluminaNovaseq6000,8.63,A8XR_240312_02,L8XR_240314_02,MTX-2176,polyAselection,10x,cDNA,,False,forward,50bp,pairedEnd,1259583756,1223559661,3268,3702.5,10924.5,GRCh38,R8XR-24040205,SI-TT-F7_i7,,,,0.9633,0.9578,-L8XR_240314_02_F07-672a295323ac2c79dc82296c3f357b527d3e71c4
267,2117_B11,L8XR_240314_02_E08,"scrnaSeq,ATACSeq",IlluminaNovaseq6000,9.48,A8XR_240312_02,L8XR_240314_02,MTX-2176,polyAselection,10x,cDNA,,False,forward,50bp,pairedEnd,1163283199,1128384703,8361,5269.0,16860.0,GRCh38,R8XR-24040205,SI-TT-E8_i7,,,,0.9615,0.9565,-L8XR_240314_02_E08-0448fed5f4deb857ae0c329bb8f214c7fb181811
268,2117_C11,L8XR_240314_02_F08,"scrnaSeq,ATACSeq",IlluminaNovaseq6000,9.17,A8XR_240312_02,L8XR_240314_02,MTX-2176,polyAselection,10x,cDNA,,False,forward,50bp,pairedEnd,1397346814,1357662164,7404,5486.0,21249.5,GRCh38,R8XR-24040205,SI-TT-F8_i7,,,,0.9619,0.9548,-L8XR_240314_02_F08-8b2ed7fa37b4a9637ed063484f62aece0fbd866f
269,2169_A06,L8XR_240411_02_F02,"scrnaSeq,ATACSeq",IlluminaNovaseq6000,9.53,A8XR_240405_01,L8XR_240411_02,MTX-2177,polyAselection,10x,cDNA,,False,forward,50bp,pairedEnd,724838186,706572264,9020,3744.0,8894.0,GRCh38,R8XR-24041605,SI-TT-F2_i7,,,,0.9592,0.9498,-L8XR_240411_02_F02-34400c3f45cc5338998f41ab2e175ae85d90ddcf
270,2169_B06,L8XR_240411_02_B02,"scrnaSeq,ATACSeq",IlluminaNovaseq6000,8.6,A8XR_240405_01,L8XR_240411_02,MTX-2178,polyAselection,10x,cDNA,,False,forward,50bp,pairedEnd,1253777149,1220050544,6656,3450.0,8365.0,GRCh38,R8XR-24042303,SI-TT-B2_i7,,,,0.9492,0.9378,-L8XR_240411_02_B02-4ee0e6b9221d2a26366e161fcadbcb6ce88d451b
271,2169_C06,L8XR_240411_02_H01,"scrnaSeq,ATACSeq",IlluminaNovaseq6000,7.9,A8XR_240409_01,L8XR_240411_02,MTX-2178,polyAselection,10x,cDNA,,False,forward,50bp,pairedEnd,1122559432,1088658137,4171,853.0,1303.0,GRCh38,R8XR-24042303,SI-TT-H1_i7,,,,0.9519,0.9447,-L8XR_240411_02_H01-331b2201aed1dbff9f63c3f244d9ac0e714b3f96
272,2252_A07,L8XR_240530_01_G08,"scrnaSeq,ATACSeq",IlluminaNovaseq6000,9.55,A8XR_240528_01,L8XR_240530_01,MTX-2187,polyAselection,10x,cDNA,,False,forward,50bp,pairedEnd,1541095642,1509965510,10806,1629.5,2671.0,GRCh38,R8XR-24061105,SI-TT-G8_i7,,,,0.9605,0.9532,-L8XR_240530_01_G08-b1ec38b59a234dc4af2ae8250c7a2a3a272f4db5
273,2252_B07,L8XR_240607_02_A04,"scrnaSeq,ATACSeq",IlluminaNovaseq6000,7.9,A8XR_240531_01,L8XR_240607_02,MTX-2187,polyAselection,10x,cDNA,,False,forward,50bp,pairedEnd,1593732494,1559148499,5221,517.0,712.0,GRCh38,R8XR-24061105,SI-TT-A4_i7,,,,0.9611,0.9555,-L8XR_240607_02_A04-70607e11440c6a3587993a6a919455cae7229100
274,2252_C07,L8XR_240607_02_F04,"scrnaSeq,ATACSeq",IlluminaNovaseq6000,7.93,A8XR_240531_01,L8XR_240607_02,MTX-2187,polyAselection,10x,cDNA,,False,forward,50bp,pairedEnd,1698277073,1661933944,6375,1587.0,2926.0,GRCh38,R8XR-24061105,SI-TT-F4_i7,,,,0.9596,0.952,-L8XR_240607_02_F04-065e89a214d0e53267f7d81e3915ce38de66e3a7
275,2284_B09,L8XR_240620_01_E09,"scrnaSeq,ATACSeq",IlluminaNovaseq6000,8.98,A8XR_240618_01,L8XR_240620_01,MTX-2191,polyAselection,10x,cDNA,,False,forward,50bp,pairedEnd,1447797078,1413049948,5483,1652.0,3176.0,GRCh38,R8XR-24071603,SI-TT-E9_i7,,,,0.9512,0.9428,-L8XR_240620_01_E09-1382619566
276,2284_A09,L8XR_240620_01_D09,"scrnaSeq,ATACSeq",IlluminaNovaseq6000,7.9,A8XR_240618_01,L8XR_240620_01,MTX-2191,polyAselection,10x,cDNA,,False,forward,50bp,pairedEnd,1293417189,1263280568,2117,1731.0,3335.0,GRCh38,R8XR-24071603,SI-TT-D9_i7,,,,0.9517,0.9436,-L8XR_240620_01_D09-1382619564
277,2284_C09,L8XR_240620_01_F09,"scrnaSeq,ATACSeq",IlluminaNovaseq6000,8.63,A8XR_240618_01,L8XR_240620_01,MTX-2191,polyAselection,10x,cDNA,,False,forward,50bp,pairedEnd,1440796797,1405929515,2979,1757.0,3236.0,GRCh38,R8XR-24071603,SI-TT-F9_i7,,,,0.9526,0.9437,-L8XR_240620_01_F09-17ac42d326165481e611b8e31fb3f93522713b84
278,980_C02,L8XR_211216_02_F01,"scrnaSeq,ATACSeq",IlluminaNovaseq6000,8.9,A8XR_211214_01,L8XR_211216_02,MTX-2044,polyAselection,10x,cDNA,,False,forward,50bp,pairedEnd,1275185861,1228259021,11047,4916.0,13824.0,GRCh38,R8XR-21122002,SI-TT-F1_i7,,,,0.966,0.9589,-L8XR_211216_02_F01-3126961940d5ca2fbcac2f6b38cb091d41aee6b5
279,988_C05,L8XR_211216_02_G01,"scrnaSeq,ATACSeq",IlluminaNovaseq6000,8.45,A8XR_211214_01,L8XR_211216_02,MTX-2043,polyAselection,10x,cDNA,,False,forward,50bp,pairedEnd,1388098351,1336599902,6978,5245.0,20556.5,GRCh38,R8XR-21122001,SI-TT-G1_i7,,,,0.9434,0.9487,-L8XR_211216_02_G01-445a4a879613ae396bfecfb7fd8832b9c4d014a0
280,897_E03,L8XR_211028_02_F09,"scrnaSeq,ATACSeq",IlluminaNovaseq6000,8.45,A8XR_211026_02,L8XR_211028_02,MTX-2033,polyAselection,10x,cDNA,,False,forward,50bp,pairedEnd,1128218784,1099336383,8446,3729.0,10398.0,GRCh38,R8XR-21110201,SI-TT-F9_i7,,,,0.939,0.9547,-L8XR_211028_02_F09-5184c19b9f90b2d0329ec6d7e4ba3febe51999ee
281,988_D05,L8XR_211216_02_H09,"scrnaSeq,ATACSeq",IlluminaNovaseq6000,8.83,A8XR_211214_01,L8XR_211216_02,MTX-2043,polyAselection,10x,cDNA,,False,forward,50bp,pairedEnd,900037780,866916390,11154,5887.5,21908.5,GRCh38,R8XR-21122001,SI-TT-H9_i7,,,,0.9612,0.9487,-L8XR_211216_02_H09-3ee91edac530b1f0f50268ea918db6986a02ded9
282,930_A05,L8XR_211111_02_C01,"scrnaSeq,ATACSeq",IlluminaNovaseq6000,8.45,A8XR_211109_02,L8XR_211111_02,MTX-2037,polyAselection,10x,cDNA,,False,forward,50bp,pairedEnd,882846958,849210489,2828,8261.0,54122.0,GRCh38,R8XR-21112901,SI-TT-C1_i7,,,,0.9412,0.9464,-L8XR_211111_02_C01-d90171e6882759a4e1b77f9d9ab4216d67127c00
283,891_A06,L8XR_211021_02_B07,"scrnaSeq,ATACSeq",IlluminaNovaseq6000,8.83,A8XR_211019_02,L8XR_211021_02,MTX-2032,polyAselection,10x,cDNA,,False,forward,50bp,pairedEnd,1288427090,1239595703,3847,3659.0,9017.0,GRCh38,R8XR-21102602,SI-TT-B7_i7,,,,0.9636,0.9552,-L8XR_211021_02_B07-c570876fa4a9fac69a6f5513f87a8fd63b86eaa4
284,930_E05,L8XR_211111_02_F01,"scrnaSeq,ATACSeq",IlluminaNovaseq6000,8.9,A8XR_211109_02,L8XR_211111_02,MTX-2037,polyAselection,10x,cDNA,,False,forward,50bp,pairedEnd,941509800,906109032,5797,6843.0,32163.0,GRCh38,R8XR-21112901,SI-TT-F1_i7,,,,0.9628,0.9517,-L8XR_211111_02_F01-3087a8cfb40737d90e0e92fe4d4d2e618504df1f
285,847_A04,L8XR_211007_02_H02,"scrnaSeq,ATACSeq",IlluminaNovaseq6000,8.83,A8XR_210928_02,L8XR_211007_02,MTX-2027,polyAselection,10x,cDNA,,False,forward,50bp,pairedEnd,1139377909,1091979788,10574,6315.0,24989.0,GRCh38,R8XR-21101201,SI-TT-H2_i7,,,,0.9632,0.9502,-L8XR_211007_02_H02-237fca61a138a6c86f149b0271a293f75f8e4a0b
286,930_C05,L8XR_211111_02_D01,"scrnaSeq,ATACSeq",IlluminaNovaseq6000,8.9,A8XR_211109_02,L8XR_211111_02,MTX-2037,polyAselection,10x,cDNA,,False,forward,50bp,pairedEnd,896761077,861518367,6986,6573.5,28021.5,GRCh38,R8XR-21112901,SI-TT-D1_i7,,,,0.9384,0.9477,-L8XR_211111_02_D01-d796b86685dfc58f3d1e1826d00a6c211ddb25f9
