,specimenID,libraryID,assay,platform,referenceSet,transposaseBatch,libraryBatch,libraryPreparationMethod,sampleBarcode,chromiumSampleIndex,pcrCycles,sequencingBatch,isStranded,readStrandOrigin,readLength,runType,meanCoverage,meanGCContent,Q30BasesinRead1,Q30BasesinRead2
0,M2AT_211109_216_B01,L8AT_211117_01_G07,ATACSeq,IlluminaNovaseq6000,GRCh38,R8AT-21112303,L8AT_211117_01,10x,,SI-NA-G7,,ATX-1501,False,forward,50bp,pairedEnd,,,0.9422,0.9354
1,M2AT_211109_216_C01,L8AT_211117_01_H07,ATACSeq,IlluminaNovaseq6000,GRCh38,R8AT-21112303,L8AT_211117_01,10x,,SI-NA-H7,,ATX-1501,False,forward,50bp,pairedEnd,,,0.9446,0.9371
2,M2AT_211109_216_D01,L8AT_211117_01_A08,ATACSeq,IlluminaNovaseq6000,GRCh38,R8AT-21112303,L8AT_211117_01,10x,,SI-NA-A8,,ATX-1501,False,forward,50bp,pairedEnd,,,0.9415,0.9344
3,M2AT_211109_211_E01,L8AT_211117_01_B08,ATACSeq,IlluminaNovaseq6000,GRCh38,R8AT-21112303,L8AT_211117_01,10x,,SI-NA-B8,,ATX-1501,False,forward,50bp,pairedEnd,,,0.9437,0.9392
4,M2AT_211109_211_F01,L8AT_211117_01_C08,ATACSeq,IlluminaNovaseq6000,GRCh38,R8AT-21112303,L8AT_211117_01,10x,,SI-NA-C8,,ATX-1501,False,forward,50bp,pairedEnd,,,0.9428,0.9361
5,M2AT_211109_211_G01,L8AT_211117_01_D08,ATACSeq,IlluminaNovaseq6000,GRCh38,R8AT-21112303,L8AT_211117_01,10x,,SI-NA-D8,,ATX-1501,False,forward,50bp,pairedEnd,,,0.9436,0.9355
6,M2AT_211109_211_H01,L8AT_211117_01_E08,ATACSeq,IlluminaNovaseq6000,GRCh38,R8AT-21112303,L8AT_211117_01,10x,,SI-NA-E8,,ATX-1501,False,forward,50bp,pairedEnd,,,0.9431,0.9361
7,M2AT_211130_216_A01,L8AT_211201_01_E01,ATACSeq,IlluminaNovaseq6000,GRCh38,R8AT-21121404,L8AT_211201_01,10x,,SI-NA-E1,,ATX-1502,False,forward,50bp,pairedEnd,,,0.9261,0.9171
8,M2AT_211130_216_B01,L8AT_211201_01_F01,ATACSeq,IlluminaNovaseq6000,GRCh38,R8AT-21121404,L8AT_211201_01,10x,,SI-NA-F1,,ATX-1502,False,forward,50bp,pairedEnd,,,0.9278,0.9196
9,M2AT_211130_216_C01,L8AT_211201_01_G01,ATACSeq,IlluminaNovaseq6000,GRCh38,R8AT-21121404,L8AT_211201_01,10x,,SI-NA-G1,,ATX-1502,False,forward,50bp,pairedEnd,,,0.928,0.9171
10,M2AT_211130_216_D01,L8AT_211201_01_H01,ATACSeq,IlluminaNovaseq6000,GRCh38,R8AT-21121404,L8AT_211201_01,10x,,SI-NA-H1,,ATX-1502,False,forward,50bp,pairedEnd,,,0.9286,0.9188
11,M2AT_211130_206_E01,L8AT_211201_01_A02,ATACSeq,IlluminaNovaseq6000,GRCh38,R8AT-21121404,L8AT_211201_01,10x,,SI-NA-A2,,ATX-1502,False,forward,50bp,pairedEnd,,,0.9292,0.9215
12,M2AT_211130_206_F01,L8AT_211201_01_B02,ATACSeq,IlluminaNovaseq6000,GRCh38,R8AT-21121404,L8AT_211201_01,10x,,SI-NA-B2,,ATX-1502,False,forward,50bp,pairedEnd,,,0.9274,0.9186
13,M2AT_211130_206_G01,L8AT_211201_01_C02,ATACSeq,IlluminaNovaseq6000,GRCh38,R8AT-21121404,L8AT_211201_01,10x,,SI-NA-C2,,ATX-1502,False,forward,50bp,pairedEnd,,,0.9264,0.9163
14,M2AT_211130_206_H01,L8AT_211201_01_D02,ATACSeq,IlluminaNovaseq6000,GRCh38,R8AT-21121404,L8AT_211201_01,10x,,SI-NA-D2,,ATX-1502,False,forward,50bp,pairedEnd,,,0.9274,0.9185
15,M2AT_211214_216_A01,L8AT_211215_01_E07,ATACSeq,IlluminaNovaseq6000,GRCh38,R8AT-21122103,L8AT_211215_01,10x,,SI-NA-E7,,ATX-1503,False,forward,50bp,pairedEnd,,,0.9167,0.9066
16,M2AT_211214_216_B01,L8AT_211215_01_F07,ATACSeq,IlluminaNovaseq6000,GRCh38,R8AT-21122103,L8AT_211215_01,10x,,SI-NA-F7,,ATX-1503,False,forward,50bp,pairedEnd,,,0.9146,0.9066
17,M2AT_211214_216_C01,L8AT_211215_01_G07,ATACSeq,IlluminaNovaseq6000,GRCh38,R8AT-21122103,L8AT_211215_01,10x,,SI-NA-G7,,ATX-1503,False,forward,50bp,pairedEnd,,,0.9158,0.9084
18,M2AT_211214_216_D01,L8AT_211215_01_H07,ATACSeq,IlluminaNovaseq6000,GRCh38,R8AT-21122103,L8AT_211215_01,10x,,SI-NA-H7,,ATX-1503,False,forward,50bp,pairedEnd,,,0.9162,0.9042
19,M1AT_211214_211_E01,L8AT_211215_01_E08,ATACSeq,IlluminaNovaseq6000,GRCh38,R8AT-21122103,L8AT_211215_01,10x,,SI-NA-E8,,ATX-1503,False,forward,50bp,pairedEnd,,,0.9156,0.9031
20,M1AT_211214_211_F01,L8AT_211215_01_A08,ATACSeq,IlluminaNovaseq6000,GRCh38,R8AT-21122103,L8AT_211215_01,10x,,SI-NA-A8,,ATX-1503,False,forward,50bp,pairedEnd,,,0.9152,0.904
21,M1AT_211214_211_G01,L8AT_211215_01_B08,ATACSeq,IlluminaNovaseq6000,GRCh38,R8AT-21122103,L8AT_211215_01,10x,,SI-NA-B8,,ATX-1503,False,forward,50bp,pairedEnd,,,0.9153,0.902
22,M1AT_211214_211_H01,L8AT_211215_01_C08,ATACSeq,IlluminaNovaseq6000,GRCh38,R8AT-21122103,L8AT_211215_01,10x,,SI-NA-C8,,ATX-1503,False,forward,50bp,pairedEnd,,,0.916,0.9042
23,M2AT_210730_201_A01,L8AT_210804_01_A06,ATACSeq,IlluminaNovaseq6000,GRCh38,R8AT-21081001,L8AT_210804_01,10x,,SI-NA-A6,,ATX-522,False,forward,50bp,pairedEnd,,,0.9371,0.9267
24,M2AT_210730_201_B01,L8AT_210804_01_B06,ATACSeq,IlluminaNovaseq6000,GRCh38,R8AT-21081001,L8AT_210804_01,10x,,SI-NA-B6,,ATX-522,False,forward,50bp,pairedEnd,,,0.9384,0.9283
25,M2AT_210806_201_A01,L8AT_210809_01_D07,ATACSeq,IlluminaNovaseq6000,GRCh38,R8AT-21082401,L8AT_210809_01,10x,,SI-NA-D7,,ATX-525,False,forward,50bp,pairedEnd,,,0.9335,0.9255
26,M2AT_210806_201_B01,L8AT_210809_01_E07,ATACSeq,IlluminaNovaseq6000,GRCh38,R8AT-21082401,L8AT_210809_01,10x,,SI-NA-E7,,ATX-525,False,forward,50bp,pairedEnd,,,0.9342,0.9235
27,M2AT_210809_201_A01,L8AT_210816_01_B09,ATACSeq,IlluminaNovaseq6000,GRCh38,R8AT-21082401,L8AT_210816_01,10x,,SI-NA-B9,,ATX-525,False,forward,50bp,pairedEnd,,,0.9364,0.9226
28,M2AT_210809_201_B01,L8AT_210816_01_C09,ATACSeq,IlluminaNovaseq6000,GRCh38,R8AT-21082401,L8AT_210816_01,10x,,SI-NA-C9,,ATX-525,False,forward,50bp,pairedEnd,,,0.9392,0.9236
29,M2AT_210820_207_A01,L8AT_210824_01_D12,ATACSeq,IlluminaNovaseq6000,GRCh38,R8AT-21090802,L8AT_210824_01,10x,,SI-NA-D12,,ATX-528,False,forward,50bp,pairedEnd,,,0.9398,0.9228
30,M2AT_210820_207_B01,L8AT_210824_01_E12,ATACSeq,IlluminaNovaseq6000,GRCh38,R8AT-21090802,L8AT_210824_01,10x,,SI-NA-E12,,ATX-528,False,forward,50bp,pairedEnd,,,0.9375,0.9206
31,M2AT_210827_201_B01,L8AT_210830_01_H03,ATACSeq,IlluminaNovaseq6000,GRCh38,R8AT-21091401,L8AT_210830_01,10x,,SI-NA-H3,,ATX-529,False,forward,50bp,pairedEnd,,,0.9522,0.9361
32,M2AT_210913_207_A01,L8AT_210916_01_B08,ATACSeq,IlluminaNovaseq6000,GRCh38,R8AT-21092101,L8AT_210916_01,10x,,SI-NA-B8,,ATX-530,False,forward,50bp,pairedEnd,,,0.9453,0.9426
33,M2AT_211001_217_A01,L8AT_211004_01_G10,ATACSeq,IlluminaNovaseq6000,GRCh38,R8AT-21101202,L8AT_211004_01,10x,,SI-NA-G10,,ATX-534,False,forward,50bp,pairedEnd,,,0.9573,0.9487
34,M2AT_211001_217_B01,L8AT_211004_01_H10,ATACSeq,IlluminaNovaseq6000,GRCh38,R8AT-21101202,L8AT_211004_01,10x,,SI-NA-H10,,ATX-534,False,forward,50bp,pairedEnd,,,0.9555,0.9479
35,M2AT_211008_216_A01,L8AT_211011_01_A01,ATACSeq,IlluminaNovaseq6000,GRCh38,R8AT-21101902,L8AT_211011_01,10x,,SI-NA-A1,,ATX-536,False,forward,50bp,pairedEnd,,,0.9463,0.9387
36,M2AT_211008_216_B01,L8AT_211011_01_B01,ATACSeq,IlluminaNovaseq6000,GRCh38,R8AT-21101902,L8AT_211011_01,10x,,SI-NA-B1,,ATX-536,False,forward,50bp,pairedEnd,,,0.947,0.939
37,M2AT_211015_216_A01,L8AT_211018_01_B03,ATACSeq,IlluminaNovaseq6000,GRCh38,R8AT-21102602,L8AT_211018_01,10x,,SI-NA-B3,,ATX-538,False,forward,50bp,pairedEnd,,,0.9672,0.9562
38,M2AT_211015_216_B01,L8AT_211018_01_C03,ATACSeq,IlluminaNovaseq6000,GRCh38,R8AT-21102602,L8AT_211018_01,10x,,SI-NA-C3,,ATX-538,False,forward,50bp,pairedEnd,,,0.9655,0.9562
39,M2AT_211019_211_A01,L8AT_211025_01_F05,ATACSeq,IlluminaNovaseq6000,GRCh38,R8AT-21110201,L8AT_211025_01,10x,,SI-NA-F5,,ATX-539,False,forward,50bp,pairedEnd,,,0.9599,0.9556
40,M2AT_211019_211_B01,L8AT_211025_01_G05,ATACSeq,IlluminaNovaseq6000,GRCh38,R8AT-21110201,L8AT_211025_01,10x,,SI-NA-G5,,ATX-539,False,forward,50bp,pairedEnd,,,0.9597,0.9587
41,M2AT_211019_211_C01,L8AT_211025_01_H05,ATACSeq,IlluminaNovaseq6000,GRCh38,R8AT-21110201,L8AT_211025_01,10x,,SI-NA-H5,,ATX-539,False,forward,50bp,pairedEnd,,,0.9636,0.9578
42,M2AT_211019_211_D01,L8AT_211025_01_A06,ATACSeq,IlluminaNovaseq6000,GRCh38,R8AT-21110201,L8AT_211025_01,10x,,SI-NA-A6,,ATX-539,False,forward,50bp,pairedEnd,,,0.9606,0.9582
43,M2AT_211022_206_C01,L8AT_211025_01_C07,ATACSeq,IlluminaNovaseq6000,GRCh38,R8AT-21110202,L8AT_211025_01,10x,,SI-NA-C7,,ATX-540,False,forward,50bp,pairedEnd,,,0.9465,0.9377
44,M2AT_211022_206_D01,L8AT_211025_01_D07,ATACSeq,IlluminaNovaseq6000,GRCh38,R8AT-21110202,L8AT_211025_01,10x,,SI-NA-D7,,ATX-540,False,forward,50bp,pairedEnd,,,0.9452,0.9362
45,M2AT_211022_206_A01,L8AT_211025_01_A07,ATACSeq,IlluminaNovaseq6000,GRCh38,R8AT-21110202,L8AT_211025_01,10x,,SI-NA-A7,,ATX-540,False,forward,50bp,pairedEnd,,,0.9469,0.9362
46,M2AT_211022_206_B01,L8AT_211025_01_B07,ATACSeq,IlluminaNovaseq6000,GRCh38,R8AT-21110202,L8AT_211025_01,10x,,SI-NA-B7,,ATX-540,False,forward,50bp,pairedEnd,,,0.9457,0.937
47,M2AT_211026_206_A01,L8AT_211101_01_B09,ATACSeq,IlluminaNovaseq6000,GRCh38,R8AT-21110902,L8AT_211101_01,10x,,SI-NA-B9,,ATX-542,False,forward,50bp,pairedEnd,,,0.9293,0.9496
48,M2AT_211026_206_B01,L8AT_211101_01_C09,ATACSeq,IlluminaNovaseq6000,GRCh38,R8AT-21110902,L8AT_211101_01,10x,,SI-NA-C9,,ATX-542,False,forward,50bp,pairedEnd,,,0.9294,0.9477
49,M2AT_211026_206_C01,L8AT_211101_01_D09,ATACSeq,IlluminaNovaseq6000,GRCh38,R8AT-21110902,L8AT_211101_01,10x,,SI-NA-D9,,ATX-542,False,forward,50bp,pairedEnd,,,0.9229,0.9496
50,M2AT_211026_206_D01,L8AT_211101_01_E09,ATACSeq,IlluminaNovaseq6000,GRCh38,R8AT-21110902,L8AT_211101_01,10x,,SI-NA-E9,,ATX-542,False,forward,50bp,pairedEnd,,,0.9228,0.9491
51,M2AT_211029_216_A01,L8AT_211101_01_B10,ATACSeq,IlluminaNovaseq6000,GRCh38,R8AT-21111602,L8AT_211101_01,10x,,SI-NA-B10,,ATX-544,False,forward,50bp,pairedEnd,,,0.9558,0.9534
52,M2AT_211029_216_B01,L8AT_211101_01_C10,ATACSeq,IlluminaNovaseq6000,GRCh38,R8AT-21111602,L8AT_211101_01,10x,,SI-NA-C10,,ATX-544,False,forward,50bp,pairedEnd,,,0.9551,0.9558
53,M2AT_211029_216_C01,L8AT_211101_01_D10,ATACSeq,IlluminaNovaseq6000,GRCh38,R8AT-21111602,L8AT_211101_01,10x,,SI-NA-D10,,ATX-544,False,forward,50bp,pairedEnd,,,0.9588,0.9515
54,M2AT_211029_216_D01,L8AT_211101_01_E10,ATACSeq,IlluminaNovaseq6000,GRCh38,R8AT-21111602,L8AT_211101_01,10x,,SI-NA-E10,,ATX-544,False,forward,50bp,pairedEnd,,,0.9561,0.9535
55,M2AT_211102_216_A01,L8AT_211108_01_C01,ATACSeq,IlluminaNovaseq6000,GRCh38,R8AT-21111602,L8AT_211108_01,10x,,SI-NA-C1,,ATX-544,False,forward,50bp,pairedEnd,,,0.9568,0.9503
56,M2AT_211102_216_B01,L8AT_211108_01_D01,ATACSeq,IlluminaNovaseq6000,GRCh38,R8AT-21111602,L8AT_211108_01,10x,,SI-NA-D1,,ATX-544,False,forward,50bp,pairedEnd,,,0.9591,0.9559
57,M2AT_211102_216_C01,L8AT_211108_01_E01,ATACSeq,IlluminaNovaseq6000,GRCh38,R8AT-21111603,L8AT_211108_01,10x,,SI-NA-E1,,ATX-545,False,forward,50bp,pairedEnd,,,0.9551,0.9464
58,M2AT_211102_216_D01,L8AT_211108_01_F01,ATACSeq,IlluminaNovaseq6000,GRCh38,R8AT-21111603,L8AT_211108_01,10x,,SI-NA-F1,,ATX-545,False,forward,50bp,pairedEnd,,,0.9543,0.9423
59,M1AT_211102_201_E01,L8AT_211108_01_G01,ATACSeq,IlluminaNovaseq6000,GRCh38,R8AT-21111603,L8AT_211108_01,10x,,SI-NA-G1,,ATX-545,False,forward,50bp,pairedEnd,,,0.9544,0.9437
60,M1AT_211102_201_F01,L8AT_211108_01_H01,ATACSeq,IlluminaNovaseq6000,GRCh38,R8AT-21111603,L8AT_211108_01,10x,,SI-NA-H1,,ATX-545,False,forward,50bp,pairedEnd,,,0.9546,0.9417
61,M1AT_211102_201_G01,L8AT_211108_01_A02,ATACSeq,IlluminaNovaseq6000,GRCh38,R8AT-21111603,L8AT_211108_01,10x,,SI-NA-A2,,ATX-545,False,forward,50bp,pairedEnd,,,0.9544,0.9417
62,M1AT_211102_201_H01,L8AT_211108_01_B02,ATACSeq,IlluminaNovaseq6000,GRCh38,R8AT-21111603,L8AT_211108_01,10x,,SI-NA-B2,,ATX-545,False,forward,50bp,pairedEnd,,,0.9539,0.944
63,M2AT_211109_216_A01,L8AT_211117_01_F07,ATACSeq,IlluminaNovaseq6000,GRCh38,R8AT-21112903,L8AT_211117_01,10x,,SI-NA-F7,,ATX-546,False,forward,50bp,pairedEnd,,,0.9631,0.9633
64,M2AT_211116_216_A01,L8AT_211117_01_E09,ATACSeq,IlluminaNovaseq6000,GRCh38,R8AT-21113001,L8AT_211117_01,10x,,SI-NA-E9,,ATX-547,False,forward,50bp,pairedEnd,,,0.9625,0.9608
65,M2AT_211116_216_B01,L8AT_211117_01_F09,ATACSeq,IlluminaNovaseq6000,GRCh38,R8AT-21113001,L8AT_211117_01,10x,,SI-NA-F9,,ATX-547,False,forward,50bp,pairedEnd,,,0.9618,0.9616
66,M2AT_211116_216_C01,L8AT_211117_01_G09,ATACSeq,IlluminaNovaseq6000,GRCh38,R8AT-21113001,L8AT_211117_01,10x,,SI-NA-G9,,ATX-547,False,forward,50bp,pairedEnd,,,0.9634,0.9648
67,M2AT_211116_216_D01,L8AT_211117_01_H09,ATACSeq,IlluminaNovaseq6000,GRCh38,R8AT-21113001,L8AT_211117_01,10x,,SI-NA-H9,,ATX-547,False,forward,50bp,pairedEnd,,,0.9616,0.9634
68,M2AT_211122_211_A01,L8AT_211123_01_A12,ATACSeq,IlluminaNovaseq6000,GRCh38,R8AT-21120701,L8AT_211123_01,10x,,SI-NA-A12,,ATX-549,False,forward,50bp,pairedEnd,,,0.9538,0.9451
69,M2AT_211122_211_B01,L8AT_211123_01_B12,ATACSeq,IlluminaNovaseq6000,GRCh38,R8AT-21120701,L8AT_211123_01,10x,,SI-NA-B12,,ATX-549,False,forward,50bp,pairedEnd,,,0.9495,0.9463
70,M2AT_211122_211_C01,L8AT_211123_01_C12,ATACSeq,IlluminaNovaseq6000,GRCh38,R8AT-21121401,L8AT_211123_01,10x,,SI-NA-C12,,ATX-550,False,forward,50bp,pairedEnd,,,0.966,0.9519
71,M2AT_211122_211_D01,L8AT_211123_01_D12,ATACSeq,IlluminaNovaseq6000,GRCh38,R8AT-21121401,L8AT_211123_01,10x,,SI-NA-D12,,ATX-550,False,forward,50bp,pairedEnd,,,0.9659,0.9522
72,M2AT_220104_216_A01,L8AT_220105_01_F11,ATACSeq,IlluminaNovaseq6000,GRCh38,R8AT-22011101,L8AT_220105_01,10x,,SI-NA-F11,,ATX-553,False,forward,50bp,pairedEnd,,,0.9524,0.9512
73,M2AT_211221_206_B01,L8AT_211222_01_C01,ATACSeq,IlluminaNovaseq6000,GRCh38,R8AT-22011102,L8AT_211222_01,10x,,SI-NA-C1,,ATX-554,False,forward,50bp,pairedEnd,,,0.9559,0.9491
74,M2AT_211221_206_C01,L8AT_211222_01_D01,ATACSeq,IlluminaNovaseq6000,GRCh38,R8AT-22011102,L8AT_211222_01,10x,,SI-NA-D1,,ATX-554,False,forward,50bp,pairedEnd,,,0.955,0.9461
75,M2AT_211221_206_D01,L8AT_211222_01_E01,ATACSeq,IlluminaNovaseq6000,GRCh38,R8AT-22011102,L8AT_211222_01,10x,,SI-NA-E1,,ATX-554,False,forward,50bp,pairedEnd,,,0.9549,0.948
76,M2AT_211221_206_A01,L8AT_211222_01_B01,ATACSeq,IlluminaNovaseq6000,GRCh38,R8AT-22011102,L8AT_211222_01,10x,,SI-NA-B1,,ATX-554,False,forward,50bp,pairedEnd,,,0.9574,0.9473
77,M2AT_220104_216_B01,L8AT_220105_01_G11,ATACSeq,IlluminaNovaseq6000,GRCh38,R8AT-22011901,L8AT_220105_01,10x,,SI-NA-G11,,ATX-555,False,forward,50bp,pairedEnd,,,0.9604,0.9542
78,M2AT_220104_216_C01,L8AT_220105_01_H11,ATACSeq,IlluminaNovaseq6000,GRCh38,R8AT-22011901,L8AT_220105_01,10x,,SI-NA-H11,,ATX-555,False,forward,50bp,pairedEnd,,,0.9597,0.9573
79,M2AT_220104_216_D01,L8AT_220105_01_A12,ATACSeq,IlluminaNovaseq6000,GRCh38,R8AT-22011901,L8AT_220105_01,10x,,SI-NA-A12,,ATX-555,False,forward,50bp,pairedEnd,,,0.9604,0.9529
80,M2AT_220111_211_A01,L8AT_220112_01_F03,ATACSeq,IlluminaNovaseq6000,GRCh38,R8AT-22011902,L8AT_220112_01,10x,,SI-NA-F3,,ATX-556,False,forward,50bp,pairedEnd,,,0.9633,0.9477
81,M2AT_220111_211_B01,L8AT_220112_01_G03,ATACSeq,IlluminaNovaseq6000,GRCh38,R8AT-22011902,L8AT_220112_01,10x,,SI-NA-G3,,ATX-556,False,forward,50bp,pairedEnd,,,0.9633,0.9478
82,M2AT_220111_211_C01,L8AT_220112_01_H03,ATACSeq,IlluminaNovaseq6000,GRCh38,R8AT-22011902,L8AT_220112_01,10x,,SI-NA-H3,,ATX-556,False,forward,50bp,pairedEnd,,,0.961,0.9452
83,M2AT_220111_211_D01,L8AT_220112_01_A04,ATACSeq,IlluminaNovaseq6000,GRCh38,R8AT-22012501,L8AT_220112_01,10x,,SI-NA-A4,,ATX-557,False,forward,50bp,pairedEnd,,,0.9519,0.9426
84,M2AT_220111_211_E01,L8AT_220112_01_B04,ATACSeq,IlluminaNovaseq6000,GRCh38,R8AT-22012501,L8AT_220112_01,10x,,SI-NA-B4,,ATX-557,False,forward,50bp,pairedEnd,,,0.9508,0.9417
85,M2AT_220121_206_A01,L8AT_220126_01_A09,ATACSeq,IlluminaNovaseq6000,GRCh38,R8AT-22020103,L8AT_220126_01,10x,,SI-NA-A9,,ATX-560,False,forward,50bp,pairedEnd,,,0.956,0.9514
86,M1AT_201007_151_A01,L4AT_201012_01_B04,ATACSeq,IlluminaNovaseq6000,GRCh38,A8TX-20110401,L4AT_201012_01,10x,,SI-NA-B4,,ATX-507,False,forward,50bp,pairedEnd,,,0.9347,0.9225
87,M1AT_201007_153_B01,L4AT_201012_01_C04,ATACSeq,IlluminaNovaseq6000,GRCh38,A8TX-20110401,L4AT_201012_01,10x,,SI-NA-C4,,ATX-507,False,forward,50bp,pairedEnd,,,0.9329,0.925
88,M1AT_201007_155_C01,L4AT_201012_01_D04,ATACSeq,IlluminaNovaseq6000,GRCh38,A8TX-20110401,L4AT_201012_01,10x,,SI-NA-D4,,ATX-507,False,forward,50bp,pairedEnd,,,0.934,0.9287
89,M1AT_201014_151_A01,L4AT_201019_01_E04,ATACSeq,IlluminaNovaseq6000,GRCh38,A8TX-20110401,L4AT_201019_01,10x,,SI-NA-E4,,ATX-507,False,forward,50bp,pairedEnd,,,0.9352,0.9297
90,M1AT_201014_152_B01,L4AT_201019_01_F04,ATACSeq,IlluminaNovaseq6000,GRCh38,A8TX-20110401,L4AT_201019_01,10x,,SI-NA-F4,,ATX-507,False,forward,50bp,pairedEnd,,,0.9333,0.9278
91,M1AT_201022_151_A01,L8AT_201028_01_H04,ATACSeq,IlluminaNovaseq6000,GRCh38,R8AT-20122201,L8AT_201028_01,10x,,SI-NA-H4,,ATX-508,False,forward,50bp,pairedEnd,,,0.9436,0.9407
92,M1AT_201022_153_B01,L8AT_201028_01_A05,ATACSeq,IlluminaNovaseq6000,GRCh38,R8AT-20122201,L8AT_201028_01,10x,,SI-NA-A5,,ATX-508,False,forward,50bp,pairedEnd,,,0.9472,0.9395
93,M1AT_201022_155_C01,L8AT_201028_01_B05,ATACSeq,IlluminaNovaseq6000,GRCh38,R8AT-20122201,L8AT_201028_01,10x,,SI-NA-B5,,ATX-508,False,forward,50bp,pairedEnd,,,0.9479,0.939
94,M1AT_201022_157_D01,L8AT_201028_01_C05,ATACSeq,IlluminaNovaseq6000,GRCh38,R8AT-20122201,L8AT_201028_01,10x,,SI-NA-C5,,ATX-508,False,forward,50bp,pairedEnd,,,0.9449,0.9424
95,M1AT_201014_153_C01,L4AT_201019_01_G04,ATACSeq,IlluminaNovaseq6000,GRCh38,R8AT-20122202,L4AT_201019_01,10x,,SI-NA-G4,,ATX-509,False,forward,50bp,pairedEnd,,,0.9434,0.9321
96,M2AT_220121_206_B01,L8AT_220126_01_B09,ATACSeq,IlluminaNovaseq6000,GRCh38,R8AT-22020801,L8AT_220126_01,10x,,SI-NA-B9,,ATX-561,False,forward,50bp,pairedEnd,,,0.9498,0.9397
97,M2AT_220121_206_C01,L8AT_220126_01_C09,ATACSeq,IlluminaNovaseq6000,GRCh38,R8AT-22020801,L8AT_220126_01,10x,,SI-NA-C9,,ATX-561,False,forward,50bp,pairedEnd,,,0.9516,0.9369
98,M2AT_220121_206_D01,L8AT_220126_01_D09,ATACSeq,IlluminaNovaseq6000,GRCh38,R8AT-22020801,L8AT_220126_01,10x,,SI-NA-D9,,ATX-561,False,forward,50bp,pairedEnd,,,0.9465,0.9406
99,M2AT_210827_201_A01,L8AT_210830_01_G03,ATACSeq,IlluminaNovaseq6000,GRCh38,R8AT-21092101,L8AT_210830_01,10x,,SI-NA-G3,,ATX-530,False,forward,50bp,pairedEnd,,,0.9467,0.9415
100,M2AT_220207_216_A01,L8AT_220209_01_F05,ATACSeq,IlluminaNovaseq6000,GRCh38,R8AT-22021503,L8AT_220209_01,10x,,SI-NA-F5,,ATX-1504,False,forward,50bp,pairedEnd,,,0.9579,0.952
101,M2AT_220207_216_B01,L8AT_220209_01_A06,ATACSeq,IlluminaNovaseq6000,GRCh38,R8AT-22021503,L8AT_220209_01,10x,,SI-NA-A6,,ATX-1504,False,forward,50bp,pairedEnd,,,0.9591,0.9559
102,M2AT_220207_216_C01,L8AT_220209_01_B06,ATACSeq,IlluminaNovaseq6000,GRCh38,R8AT-22021503,L8AT_220209_01,10x,,SI-NA-B6,,ATX-1504,False,forward,50bp,pairedEnd,,,0.9592,0.9537
103,M2AT_220321_211_B01,L8AT_220323_01_A02,ATACSeq,IlluminaNovaseq6000,GRCh38,R8XA-22040504,L8AT_220323_01,10x,,SI-NA-A2,,ATX-1505,False,forward,50bp,pairedEnd,,,0.9213,0.9046
104,M2AT_220328_221_C01,L8AT_220330_01_F04,ATACSeq,IlluminaNovaseq6000,GRCh38,R8XA-22040504,L8AT_220330_01,10x,,SI-NA-F4,,ATX-1505,False,forward,50bp,pairedEnd,,,0.9182,0.9018
105,M2AT_220321_211_C01,L8AT_220323_01_B02,ATACSeq,IlluminaNovaseq6000,GRCh38,R8XA-22040504,L8AT_220323_01,10x,,SI-NA-B2,,ATX-1505,False,forward,50bp,pairedEnd,,,0.9197,0.9086
106,M2AT_220321_211_D01,L8AT_220323_01_C02,ATACSeq,IlluminaNovaseq6000,GRCh38,R8XA-22040504,L8AT_220323_01,10x,,SI-NA-C2,,ATX-1505,False,forward,50bp,pairedEnd,,,0.9178,0.9043
107,M2AT_220322_206_A01,L8AT_220323_01_D02,ATACSeq,IlluminaNovaseq6000,GRCh38,R8XA-22040504,L8AT_220323_01,10x,,SI-NA-D2,,ATX-1505,False,forward,50bp,pairedEnd,,,0.9212,0.9097
108,M2AT_220322_206_B01,L8AT_220323_01_E02,ATACSeq,IlluminaNovaseq6000,GRCh38,R8XA-22040504,L8AT_220323_01,10x,,SI-NA-E2,,ATX-1505,False,forward,50bp,pairedEnd,,,0.92,0.9027
109,M2AT_220322_206_C01,L8AT_220323_01_F02,ATACSeq,IlluminaNovaseq6000,GRCh38,R8XA-22040504,L8AT_220323_01,10x,,SI-NA-F2,,ATX-1505,False,forward,50bp,pairedEnd,,,0.9189,0.9041
110,M2AT_220322_206_D01,L8AT_220323_01_G02,ATACSeq,IlluminaNovaseq6000,GRCh38,R8XA-22040504,L8AT_220323_01,10x,,SI-NA-G2,,ATX-1505,False,forward,50bp,pairedEnd,,,0.9174,0.9018
111,M2AT_220328_221_A01,L8AT_220330_01_D04,ATACSeq,IlluminaNovaseq6000,GRCh38,R8XA-22040504,L8AT_220330_01,10x,,SI-NA-D4,,ATX-1505,False,forward,50bp,pairedEnd,,,0.9184,0.9051
112,M2AT_220328_221_B01,L8AT_220330_01_E04,ATACSeq,IlluminaNovaseq6000,GRCh38,R8XA-22040504,L8AT_220330_01,10x,,SI-NA-E4,,ATX-1505,False,forward,50bp,pairedEnd,,,0.9181,0.8996
113,M2AT_220215_216_A01,L8AT_220216_01_G09,ATACSeq,IlluminaNovaseq6000,GRCh38,R8AT-22022203,L8AT_220216_01,10x,,SI-NA-G9,,ATX-568,False,forward,50bp,pairedEnd,,,0.9571,0.9497
114,M2AT_220215_216_B01,L8AT_220216_01_H09,ATACSeq,IlluminaNovaseq6000,GRCh38,R8AT-22022203,L8AT_220216_01,10x,,SI-NA-H9,,ATX-568,False,forward,50bp,pairedEnd,,,0.9568,0.9477
115,M2AT_220215_216_C01,L8AT_220216_01_A10,ATACSeq,IlluminaNovaseq6000,GRCh38,R8AT-22022203,L8AT_220216_01,10x,,SI-NA-A10,,ATX-568,False,forward,50bp,pairedEnd,,,0.9563,0.9488
116,M2AT_220214_207_A01,L8AT_220216_01_E09,ATACSeq,IlluminaNovaseq6000,GRCh38,R8AT-22022203,L8AT_220216_01,10x,,SI-NA-E9,,ATX-568,False,forward,50bp,pairedEnd,,,0.9583,0.9513
117,M2AT_220214_207_B01,L8AT_220216_01_F09,ATACSeq,IlluminaNovaseq6000,GRCh38,R8AT-22022203,L8AT_220216_01,10x,,SI-NA-F9,,ATX-568,False,forward,50bp,pairedEnd,,,0.9572,0.9504
118,M2AT_220221_211_B01,L8AT_220223_01_C01,ATACSeq,IlluminaNovaseq6000,GRCh38,R8XA-22030106,L8AT_220223_01,10x,,SI-NA-C1,,ATX-570,False,forward,50bp,pairedEnd,,,0.9376,0.9362
119,M2AT_220221_211_C01,L8AT_220223_01_D01,ATACSeq,IlluminaNovaseq6000,GRCh38,R8XA-22030106,L8AT_220223_01,10x,,SI-NA-D1,,ATX-570,False,forward,50bp,pairedEnd,,,0.9388,0.9364
120,M2AT_220222_207_A01,L8AT_220223_01_E01,ATACSeq,IlluminaNovaseq6000,GRCh38,R8XA-22030106,L8AT_220223_01,10x,,SI-NA-E1,,ATX-570,False,forward,50bp,pairedEnd,,,0.9374,0.9378
121,M2AT_220222_207_B01,L8AT_220223_01_F01,ATACSeq,IlluminaNovaseq6000,GRCh38,R8XA-22030106,L8AT_220223_01,10x,,SI-NA-F1,,ATX-570,False,forward,50bp,pairedEnd,,,0.9375,0.9372
122,M2AT_220221_211_A01,L8AT_220223_01_B01,ATACSeq,IlluminaNovaseq6000,GRCh38,R8XA-22030106,L8AT_220223_01,10x,,SI-NA-B1,,ATX-570,False,forward,50bp,pairedEnd,,,0.9388,0.9348
123,M2AT_220222_207_C01,L8AT_220223_01_G01,ATACSeq,IlluminaNovaseq6000,GRCh38,R8XA-22030806,L8AT_220223_01,10x,,SI-NA-G1,,ATX-572,False,forward,50bp,pairedEnd,,,0.9667,0.9571
124,M2AT_220228_216_B01,L8AT_220302_01_G04,ATACSeq,IlluminaNovaseq6000,GRCh38,R8XA-22030806,L8AT_220302_01,10x,,SI-NA-G4,,ATX-572,False,forward,50bp,pairedEnd,,,0.9665,0.9541
125,M2AT_220228_216_A01,L8AT_220302_01_F04,ATACSeq,IlluminaNovaseq6000,GRCh38,R8XA-22030806,L8AT_220302_01,10x,,SI-NA-F4,,ATX-572,False,forward,50bp,pairedEnd,,,0.9644,0.9598
126,M2AT_220307_207_C01,L8AT_220309_01_F08,ATACSeq,IlluminaNovaseq6000,GRCh38,R8XA-22031508,L8AT_220309_01,10x,,SI-NA-F8,,ATX-575,False,forward,50bp,pairedEnd,,,0.956,0.9495
127,M2AT_220307_207_A01,L8AT_220309_01_D08,ATACSeq,IlluminaNovaseq6000,GRCh38,R8XA-22031508,L8AT_220309_01,10x,,SI-NA-D8,,ATX-575,False,forward,50bp,pairedEnd,,,0.9548,0.9503
128,M2AT_220307_207_B01,L8AT_220309_01_E08,ATACSeq,IlluminaNovaseq6000,GRCh38,R8XA-22031508,L8AT_220309_01,10x,,SI-NA-E8,,ATX-575,False,forward,50bp,pairedEnd,,,0.9531,0.9491
129,M2AT_220302_221_A01,L8AT_220309_01_A08,ATACSeq,IlluminaNovaseq6000,GRCh38,R8XA-22031508,L8AT_220309_01,10x,,SI-NA-A8,,ATX-575,False,forward,50bp,pairedEnd,,,0.9527,0.951
130,M2AT_220302_221_B01,L8AT_220309_01_B08,ATACSeq,IlluminaNovaseq6000,GRCh38,R8XA-22031508,L8AT_220309_01,10x,,SI-NA-B8,,ATX-575,False,forward,50bp,pairedEnd,,,0.9523,0.9477
131,M2AT_220302_221_C01,L8AT_220309_01_C08,ATACSeq,IlluminaNovaseq6000,GRCh38,R8XA-22031508,L8AT_220309_01,10x,,SI-NA-C8,,ATX-575,False,forward,50bp,pairedEnd,,,0.9531,0.951
132,M2AT_220315_216_A01,L8AT_220316_01_A11,ATACSeq,IlluminaNovaseq6000,GRCh38,R8XA-22032205,L8AT_220316_01,10x,,SI-NA-A11,,ATX-576,False,forward,50bp,pairedEnd,,,0.9543,0.9544
133,M2AT_220315_216_C01,L8AT_220316_01_D11,ATACSeq,IlluminaNovaseq6000,GRCh38,R8XA-22032205,L8AT_220316_01,10x,,SI-NA-D11,,ATX-576,False,forward,50bp,pairedEnd,,,0.9543,0.9548
134,M2AT_220315_216_B01,L8AT_220316_01_B11,ATACSeq,IlluminaNovaseq6000,GRCh38,R8XA-22032906,L8AT_220316_01,10x,,SI-NA-B11,,ATX-578,False,forward,50bp,pairedEnd,,,0.96,0.9599
135,M2AT_220321_211_A01,L8AT_220323_01_H01,ATACSeq,IlluminaNovaseq6000,GRCh38,R8XA-22032906,L8AT_220323_01,10x,,SI-NA-H1,,ATX-578,False,forward,50bp,pairedEnd,,,0.9607,0.959
136,M2AT_220315_216_D01,L8AT_220316_01_C11,ATACSeq,IlluminaNovaseq6000,GRCh38,R8XA-22032906,L8AT_220316_01,10x,,SI-NA-C11,,ATX-578,False,forward,50bp,pairedEnd,,,0.9588,0.9599
137,M2AT_220328_221_D01,L8AT_220330_01_G04,ATACSeq,IlluminaNovaseq6000,GRCh38,R8XA-22040505,L8AT_220330_01,10x,,SI-NA-G4,,ATX-580,False,forward,50bp,pairedEnd,,,0.9642,0.9606
138,M2AT_220404_206_B01,L8AT_220406_01_A08,ATACSeq,IlluminaNovaseq6000,GRCh38,R8XA-22041205,L8AT_220406_01,10x,,SI-NA-A8,,ATX-582,False,forward,50bp,pairedEnd,,,0.9607,0.9573
139,M2AT_220404_206_A01,L8AT_220406_01_H07,ATACSeq,IlluminaNovaseq6000,GRCh38,R8XA-22041205,L8AT_220406_01,10x,,SI-NA-H7,,ATX-582,False,forward,50bp,pairedEnd,,,0.9624,0.9541
140,M2AT_220404_206_C01,L8AT_220406_01_B08,ATACSeq,IlluminaNovaseq6000,GRCh38,R8XA-22041908,L8AT_220406_01,10x,,SI-NA-B8,,ATX-585,False,forward,50bp,pairedEnd,,,0.9609,0.9591
141,M2AT_220404_206_D01,L8AT_220406_01_C08,ATACSeq,IlluminaNovaseq6000,GRCh38,R8XA-22041908,L8AT_220406_01,10x,,SI-NA-C8,,ATX-585,False,forward,50bp,pairedEnd,,,0.9623,0.9636
142,M2AT_220826_211_A01,L8AT_220830_01_E06,ATACSeq,IlluminaNovaseq6000,GRCh38,R8XA-22090703,L8AT_220830_01,10x,,SI-NA-E6,,ATX-611,False,forward,50bp,pairedEnd,,,0.9603,0.9467
143,M2AT_220826_211_B01,L8AT_220830_01_F06,ATACSeq,IlluminaNovaseq6000,GRCh38,R8XA-22090703,L8AT_220830_01,10x,,SI-NA-F6,,ATX-611,False,forward,50bp,pairedEnd,,,0.9609,0.9481
144,M2AT_221028_221_A01,L8AT_221103_03_E11,ATACSeq,IlluminaNovaseq6000,GRCh38,R8XA-22111505,L8AT_221103_03,10x,,SI-NA-E11,,ATX-1506,False,forward,50bp,pairedEnd,,,0.9317,0.9163
145,M2AT_221102_221_C01,L8AT_221103_03_E12,ATACSeq,IlluminaNovaseq6000,GRCh38,R8XA-22111505,L8AT_221103_03,10x,,SI-NA-E12,,ATX-1506,False,forward,50bp,pairedEnd,,,0.9339,0.916
146,M2AT_221102_221_D01,L8AT_221103_03_F12,ATACSeq,IlluminaNovaseq6000,GRCh38,R8XA-22111505,L8AT_221103_03,10x,,SI-NA-F12,,ATX-1506,False,forward,50bp,pairedEnd,,,0.9339,0.9128
147,M2AT_221028_221_B01,L8AT_221103_03_F11,ATACSeq,IlluminaNovaseq6000,GRCh38,R8XA-22111505,L8AT_221103_03,10x,,SI-NA-F11,,ATX-1506,False,forward,50bp,pairedEnd,,,0.9332,0.9114
148,M2AT_221028_221_C01,L8AT_221103_03_G12,ATACSeq,IlluminaNovaseq6000,GRCh38,R8XA-22111505,L8AT_221103_03,10x,,SI-NA-G12,,ATX-1506,False,forward,50bp,pairedEnd,,,0.9343,0.9177
149,M1AT_221101_226_A01,L8AT_221103_03_G11,ATACSeq,IlluminaNovaseq6000,GRCh38,R8XA-22111505,L8AT_221103_03,10x,,SI-NA-G11,,ATX-1506,False,forward,50bp,pairedEnd,,,0.9323,0.9105
150,M1AT_221101_226_B01,L8AT_221103_03_H11,ATACSeq,IlluminaNovaseq6000,GRCh38,R8XA-22111505,L8AT_221103_03,10x,,SI-NA-H11,,ATX-1506,False,forward,50bp,pairedEnd,,,0.9342,0.9186
151,M1AT_221101_226_C01,L8AT_221103_03_A12,ATACSeq,IlluminaNovaseq6000,GRCh38,R8XA-22111505,L8AT_221103_03,10x,,SI-NA-A12,,ATX-1506,False,forward,50bp,pairedEnd,,,0.9312,0.9114
152,M1AT_221101_226_D01,L8AT_221103_03_B12,ATACSeq,IlluminaNovaseq6000,GRCh38,R8XA-22111505,L8AT_221103_03,10x,,SI-NA-B12,,ATX-1506,False,forward,50bp,pairedEnd,,,0.934,0.9176
153,M2AT_221102_221_A01,L8AT_221103_03_C12,ATACSeq,IlluminaNovaseq6000,GRCh38,R8XA-22111505,L8AT_221103_03,10x,,SI-NA-C12,,ATX-1506,False,forward,50bp,pairedEnd,,,0.934,0.9131
154,M2AT_221102_221_B01,L8AT_221103_03_D12,ATACSeq,IlluminaNovaseq6000,GRCh38,R8XA-22111505,L8AT_221103_03,10x,,SI-NA-D12,,ATX-1506,False,forward,50bp,pairedEnd,,,0.9336,0.9151
155,M1AT_221107_221_A01,L8AT_221109_01_E04,ATACSeq,IlluminaNovaseq6000,GRCh38,R8XA-22112902,L8AT_221109_01,10x,,SI-NA-E4,,ATX-1507,False,forward,50bp,pairedEnd,,,0.9389,0.9293
156,M1AT_221107_221_B01,L8AT_221109_01_F04,ATACSeq,IlluminaNovaseq6000,GRCh38,R8XA-22112902,L8AT_221109_01,10x,,SI-NA-F4,,ATX-1507,False,forward,50bp,pairedEnd,,,0.9369,0.9315
157,M1AT_221107_221_C01,L8AT_221109_01_G04,ATACSeq,IlluminaNovaseq6000,GRCh38,R8XA-22112902,L8AT_221109_01,10x,,SI-NA-G4,,ATX-1507,False,forward,50bp,pairedEnd,,,0.9417,0.9274
158,M1AT_221108_201_A01,L8AT_221109_01_H04,ATACSeq,IlluminaNovaseq6000,GRCh38,R8XA-22112902,L8AT_221109_01,10x,,SI-NA-H4,,ATX-1507,False,forward,50bp,pairedEnd,,,0.9389,0.9345
159,M1AT_221108_201_B01,L8AT_221109_01_A05,ATACSeq,IlluminaNovaseq6000,GRCh38,R8XA-22112902,L8AT_221109_01,10x,,SI-NA-A5,,ATX-1507,False,forward,50bp,pairedEnd,,,0.9407,0.928
160,M1AT_221108_201_C01,L8AT_221109_01_B05,ATACSeq,IlluminaNovaseq6000,GRCh38,R8XA-22112902,L8AT_221109_01,10x,,SI-NA-B5,,ATX-1507,False,forward,50bp,pairedEnd,,,0.9411,0.9264
161,M1AT_221108_201_D01,L8AT_221109_01_C05,ATACSeq,IlluminaNovaseq6000,GRCh38,R8XA-22112902,L8AT_221109_01,10x,,SI-NA-C5,,ATX-1507,False,forward,50bp,pairedEnd,,,0.939,0.9302
162,M2AT_221114_221_A01,L8AT_221116_01_D07,ATACSeq,IlluminaNovaseq6000,GRCh38,R8XA-22112903,L8AT_221116_01,10x,,SI-NA-D7,,ATX-1508,False,forward,50bp,pairedEnd,,,0.9196,0.9071
163,M2AT_221114_221_B01,L8AT_221116_01_E07,ATACSeq,IlluminaNovaseq6000,GRCh38,R8XA-22112903,L8AT_221116_01,10x,,SI-NA-E7,,ATX-1508,False,forward,50bp,pairedEnd,,,0.9198,0.9035
164,M1AT_220902_207_A01,L8AT_220907_01_B10,ATACSeq,IlluminaNovaseq6000,GRCh38,R8XA-22091304,L8AT_220907_01,10x,,SI-NA-B10,,ATX-613,False,forward,50bp,pairedEnd,,,0.9543,0.9474
165,M1AT_220902_207_B01,L8AT_220907_01_C10,ATACSeq,IlluminaNovaseq6000,GRCh38,R8XA-22091304,L8AT_220907_01,10x,,SI-NA-C10,,ATX-613,False,forward,50bp,pairedEnd,,,0.9546,0.9514
166,M1AT_220902_207_C01,L8AT_220907_01_D10,ATACSeq,IlluminaNovaseq6000,GRCh38,R8XA-22091304,L8AT_220907_01,10x,,SI-NA-D10,,ATX-613,False,forward,50bp,pairedEnd,,,0.9567,0.942
167,M2AT_220909_207_A01,L8AT_220912_01_E10,ATACSeq,IlluminaNovaseq6000,GRCh38,R8XA-22092003,L8AT_220912_01,10x,,SI-NA-E10,,ATX-614,False,forward,50bp,pairedEnd,,,0.9388,0.9404
168,M2AT_220909_207_B01,L8AT_220912_01_F10,ATACSeq,IlluminaNovaseq6000,GRCh38,R8XA-22092003,L8AT_220912_01,10x,,SI-NA-F10,,ATX-614,False,forward,50bp,pairedEnd,,,0.9402,0.9428
169,M2AT_220909_207_C01,L8AT_220912_01_G10,ATACSeq,IlluminaNovaseq6000,GRCh38,R8XA-22092003,L8AT_220912_01,10x,,SI-NA-G10,,ATX-614,False,forward,50bp,pairedEnd,,,0.9401,0.9418
170,M1AT_220916_222_A01,L8AT_220921_01_A04,ATACSeq,IlluminaNovaseq6000,GRCh38,R8XA-22100404,L8AT_220921_01,10x,,SI-NA-A4,,ATX-616,False,forward,50bp,pairedEnd,,,0.9498,0.9442
171,M1AT_220916_222_B01,L8AT_220921_01_B04,ATACSeq,IlluminaNovaseq6000,GRCh38,R8XA-22100404,L8AT_220921_01,10x,,SI-NA-B4,,ATX-616,False,forward,50bp,pairedEnd,,,0.948,0.9428
172,M1AT_220916_222_C01,L8AT_220921_01_C04,ATACSeq,IlluminaNovaseq6000,GRCh38,R8XA-22100404,L8AT_220921_01,10x,,SI-NA-C4,,ATX-616,False,forward,50bp,pairedEnd,,,0.946,0.9455
173,M2AT_220923_222_A01,L8AT_220928_01_D04,ATACSeq,IlluminaNovaseq6000,GRCh38,R8XA-22100404,L8AT_220928_01,10x,,SI-NA-D4,,ATX-616,False,forward,50bp,pairedEnd,,,0.9483,0.9502
174,M2AT_220923_222_B01,L8AT_220928_01_E04,ATACSeq,IlluminaNovaseq6000,GRCh38,R8XA-22100404,L8AT_220928_01,10x,,SI-NA-E4,,ATX-616,False,forward,50bp,pairedEnd,,,0.9477,0.9468
175,M2AT_220923_222_C01,L8AT_220928_01_F04,ATACSeq,IlluminaNovaseq6000,GRCh38,R8XA-22100404,L8AT_220928_01,10x,,SI-NA-F4,,ATX-616,False,forward,50bp,pairedEnd,,,0.946,0.948
176,M2AT_220930_206_A01,L8AT_221003_01_C07,ATACSeq,IlluminaNovaseq6000,GRCh38,R8XA-22101103,L8AT_221003_01,10x,,SI-NA-C7,,ATX-617,False,forward,50bp,pairedEnd,,,0.9561,0.9513
177,M2AT_220930_206_B01,L8AT_221003_01_D07,ATACSeq,IlluminaNovaseq6000,GRCh38,R8XA-22101103,L8AT_221003_01,10x,,SI-NA-D7,,ATX-617,False,forward,50bp,pairedEnd,,,0.9555,0.952
178,M2AT_220930_206_C01,L8AT_221003_01_E07,ATACSeq,IlluminaNovaseq6000,GRCh38,R8XA-22101103,L8AT_221003_01,10x,,SI-NA-E7,,ATX-617,False,forward,50bp,pairedEnd,,,0.9555,0.9507
179,M2AT_221007_221_A01,L8AT_221010_01_H10,ATACSeq,IlluminaNovaseq6000,GRCh38,R8XA-22101805,L8AT_221010_01,10x,,SI-NA-H10,,ATX-618,False,forward,50bp,pairedEnd,,,0.9695,0.9508
180,M2AT_221007_221_B01,L8AT_221010_01_A11,ATACSeq,IlluminaNovaseq6000,GRCh38,R8XA-22101805,L8AT_221010_01,10x,,SI-NA-A11,,ATX-618,False,forward,50bp,pairedEnd,,,0.9691,0.9484
181,M2AT_221007_221_C01,L8AT_221010_01_B11,ATACSeq,IlluminaNovaseq6000,GRCh38,R8XA-22101805,L8AT_221010_01,10x,,SI-NA-B11,,ATX-618,False,forward,50bp,pairedEnd,,,0.9699,0.9536
182,M2AT_221014_227_A01,L8AT_221018_01_C11,ATACSeq,IlluminaNovaseq6000,GRCh38,R8XA-22102504,L8AT_221018_01,10x,,SI-NA-C11,,ATX-619,False,forward,50bp,pairedEnd,,,0.9016,0.9611
183,M2AT_221014_227_B01,L8AT_221018_01_D11,ATACSeq,IlluminaNovaseq6000,GRCh38,R8XA-22102504,L8AT_221018_01,10x,,SI-NA-D11,,ATX-619,False,forward,50bp,pairedEnd,,,0.8983,0.959
184,M2AT_221017_221_A01,L8AT_221018_01_F11,ATACSeq,IlluminaNovaseq6000,GRCh38,R8XA-22110103,L8AT_221018_01,10x,,SI-NA-F11,,ATX-620,False,forward,50bp,pairedEnd,,,0.9551,0.951
185,M2AT_221017_221_B01,L8AT_221018_01_G11,ATACSeq,IlluminaNovaseq6000,GRCh38,R8XA-22110103,L8AT_221018_01,10x,,SI-NA-G11,,ATX-620,False,forward,50bp,pairedEnd,,,0.9536,0.9447
186,M2AT_221017_221_C01,L8AT_221018_01_H11,ATACSeq,IlluminaNovaseq6000,GRCh38,R8XA-22110103,L8AT_221018_01,10x,,SI-NA-H11,,ATX-620,False,forward,50bp,pairedEnd,,,0.953,0.95
187,M2AT_221024_206_A01,L8AT_221025_01_G08,ATACSeq,IlluminaNovaseq6000,GRCh38,R8XA-22111504,L8AT_221025_01,10x,,SI-NA-G8,,ATX-621,False,forward,50bp,pairedEnd,,,0.9656,0.9603
188,M2AT_221024_206_B01,L8AT_221025_01_H08,ATACSeq,IlluminaNovaseq6000,GRCh38,R8XA-22111504,L8AT_221025_01,10x,,SI-NA-H8,,ATX-621,False,forward,50bp,pairedEnd,,,0.9655,0.962
189,M1AT_221212_206_B01,L8AT_221215_04_D02,ATACSeq,IlluminaNovaseq6000,GRCh38,R8XA-23011803,L8AT_221215_04,10x,,SI-NA-D2,,ATX-624,False,forward,50bp,pairedEnd,,,0.965,0.9552
190,M2AT_220819_221_C01,L8AT_220823_01_C06,ATACSeq,IlluminaNovaseq6000,GRCh38,R8XA-22083002,L8AT_220823_01,10x,,SI-NA-C6,,ATX-610,False,forward,50bp,pairedEnd,,,0.9405,0.9318
191,M2AT_220819_221_D01,L8AT_220823_01_D06,ATACSeq,IlluminaNovaseq6000,GRCh38,R8XA-22083002,L8AT_220823_01,10x,,SI-NA-D6,,ATX-610,False,forward,50bp,pairedEnd,,,0.9419,0.9261
192,M2AT_220819_221_A01,L8AT_220823_01_A06,ATACSeq,IlluminaNovaseq6000,GRCh38,R8XA-22083002,L8AT_220823_01,10x,,SI-NA-A6,,ATX-610,False,forward,50bp,pairedEnd,,,0.9397,0.9305
193,M2AT_220819_221_B01,L8AT_220823_01_B06,ATACSeq,IlluminaNovaseq6000,GRCh38,R8XA-22083002,L8AT_220823_01,10x,,SI-NA-B6,,ATX-610,False,forward,50bp,pairedEnd,,,0.9416,0.9317
194,M1AT_230118_153_A01,L8AT_230123_01_D06,ATACSeq,IlluminaNovaseq6000,GRCh38,R8XA-23020705,L8AT_230123_01,10x,,SI-NA-D6,,ATX-629,False,forward,50bp,pairedEnd,,,0.9606,0.9499
195,M1AT_230118_153_B01,L8AT_230123_01_E06,ATACSeq,IlluminaNovaseq6000,GRCh38,R8XA-23020705,L8AT_230123_01,10x,,SI-NA-E6,,ATX-629,False,forward,50bp,pairedEnd,,,0.9594,0.953
196,M1AT_230120_153_A01,L8AT_230123_01_F06,ATACSeq,IlluminaNovaseq6000,GRCh38,R8XA-23020705,L8AT_230123_01,10x,,SI-NA-F6,,ATX-629,False,forward,50bp,pairedEnd,,,0.9588,0.954
197,M1AT_230120_153_B01,L8AT_230123_01_G06,ATACSeq,IlluminaNovaseq6000,GRCh38,R8XA-23020705,L8AT_230123_01,10x,,SI-NA-G6,,ATX-629,False,forward,50bp,pairedEnd,,,0.959,0.957
198,M2AT_221028_221_A01,L8AT_221103_03_E11,ATACSeq,IlluminaNovaseq6000,GRCh38,R8XA-22111505,L8AT_221103_03,10x,,SI-NA-E11,,ATX-1506,False,forward,50bp,pairedEnd,,,0.9317,0.9163
199,M2AT_221104_206_A01,L8AT_221109_01_B04,ATACSeq,IlluminaNovaseq6000,GRCh38,R8XA-22111505,L8AT_221109_01,10x,,SI-NA-B4,,ATX-1506,False,forward,50bp,pairedEnd,,,0.933,0.917
200,M2AT_221028_221_B01,L8AT_221103_03_F11,ATACSeq,IlluminaNovaseq6000,GRCh38,R8XA-22111505,L8AT_221103_03,10x,,SI-NA-F11,,ATX-1506,False,forward,50bp,pairedEnd,,,0.9332,0.9114
201,M2AT_221028_221_C01,L8AT_221103_03_G12,ATACSeq,IlluminaNovaseq6000,GRCh38,R8XA-22111505,L8AT_221103_03,10x,,SI-NA-G12,,ATX-1506,False,forward,50bp,pairedEnd,,,0.9343,0.9177
202,M2AT_221104_206_B01,L8AT_221109_01_C04,ATACSeq,IlluminaNovaseq6000,GRCh38,R8XA-22112902,L8AT_221109_01,10x,,SI-NA-C4,,ATX-1507,False,forward,50bp,pairedEnd,,,0.9382,0.9337
203,M1AT_221110_206_A01,L8AT_221116_01_A07,ATACSeq,IlluminaNovaseq6000,GRCh38,R8XA-22112902,L8AT_221116_01,10x,,SI-NA-A7,,ATX-1507,False,forward,50bp,pairedEnd,,,0.9419,0.9356
204,M2AT_221104_206_C01,L8AT_221109_01_D04,ATACSeq,IlluminaNovaseq6000,GRCh38,R8XA-22112902,L8AT_221109_01,10x,,SI-NA-D4,,ATX-1507,False,forward,50bp,pairedEnd,,,0.9395,0.9355
205,M1AT_221110_206_B01,L8AT_221116_01_B07,ATACSeq,IlluminaNovaseq6000,GRCh38,R8XA-22112903,L8AT_221116_01,10x,,SI-NA-B7,,ATX-1508,False,forward,50bp,pairedEnd,,,0.9207,0.9095
206,M2AT_221115_226_D01,L8AT_221116_01_C08,ATACSeq,IlluminaNovaseq6000,GRCh38,R8XA-22112903,L8AT_221116_01,10x,,SI-NA-C8,,ATX-1508,False,forward,50bp,pairedEnd,,,0.9201,0.9109
207,M1AT_221110_206_C01,L8AT_221116_01_C07,ATACSeq,IlluminaNovaseq6000,GRCh38,R8XA-22112903,L8AT_221116_01,10x,,SI-NA-C7,,ATX-1508,False,forward,50bp,pairedEnd,,,0.9212,0.9121
208,M2AT_221114_221_C01,L8AT_221116_01_F07,ATACSeq,IlluminaNovaseq6000,GRCh38,R8XA-22112903,L8AT_221116_01,10x,,SI-NA-F7,,ATX-1508,False,forward,50bp,pairedEnd,,,0.9177,0.9065
209,M2AT_221114_221_D01,L8AT_221116_01_G07,ATACSeq,IlluminaNovaseq6000,GRCh38,R8XA-22112903,L8AT_221116_01,10x,,SI-NA-G7,,ATX-1508,False,forward,50bp,pairedEnd,,,0.9191,0.9064
210,M2AT_221115_226_A01,L8AT_221116_01_H07,ATACSeq,IlluminaNovaseq6000,GRCh38,R8XA-22112903,L8AT_221116_01,10x,,SI-NA-H7,,ATX-1508,False,forward,50bp,pairedEnd,,,0.92,0.9061
211,M2AT_221115_226_B01,L8AT_221116_01_A08,ATACSeq,IlluminaNovaseq6000,GRCh38,R8XA-22112903,L8AT_221116_01,10x,,SI-NA-A8,,ATX-1508,False,forward,50bp,pairedEnd,,,0.9183,0.9112
212,M2AT_221115_226_C01,L8AT_221116_01_B08,ATACSeq,IlluminaNovaseq6000,GRCh38,R8XA-22112903,L8AT_221116_01,10x,,SI-NA-B8,,ATX-1508,False,forward,50bp,pairedEnd,,,0.9195,0.9045
213,M1AT_221117_206_A01,L8AT_221123_01_G09,ATACSeq,IlluminaNovaseq6000,GRCh38,R8XA-22120604,L8AT_221123_01,10x,,SI-NA-G9,,ATX-1509,False,forward,50bp,pairedEnd,,,0.9376,0.9287
214,M1AT_221117_206_B01,L8AT_221123_01_H09,ATACSeq,IlluminaNovaseq6000,GRCh38,R8XA-22120604,L8AT_221123_01,10x,,SI-NA-H9,,ATX-1509,False,forward,50bp,pairedEnd,,,0.9369,0.9309
215,M2AT_221121_226_A01,L8AT_221123_01_A10,ATACSeq,IlluminaNovaseq6000,GRCh38,R8XA-22120604,L8AT_221123_01,10x,,SI-NA-A10,,ATX-1509,False,forward,50bp,pairedEnd,,,0.9357,0.926
216,M2AT_221121_226_B01,L8AT_221123_01_B10,ATACSeq,IlluminaNovaseq6000,GRCh38,R8XA-22120604,L8AT_221123_01,10x,,SI-NA-B10,,ATX-1509,False,forward,50bp,pairedEnd,,,0.9363,0.9249
217,M2AT_221121_226_C01,L8AT_221123_01_C10,ATACSeq,IlluminaNovaseq6000,GRCh38,R8XA-22120604,L8AT_221123_01,10x,,SI-NA-C10,,ATX-1509,False,forward,50bp,pairedEnd,,,0.9368,0.9276
218,M2AT_221121_226_D01,L8AT_221123_01_D10,ATACSeq,IlluminaNovaseq6000,GRCh38,R8XA-22120604,L8AT_221123_01,10x,,SI-NA-D10,,ATX-1509,False,forward,50bp,pairedEnd,,,0.9375,0.9152
219,M2AT_221122_221_B01,L8AT_221123_01_E10,ATACSeq,IlluminaNovaseq6000,GRCh38,R8XA-22120604,L8AT_221123_01,10x,,SI-NA-E10,,ATX-1509,False,forward,50bp,pairedEnd,,,0.9356,0.9247
220,M2AT_221122_221_C01,L8AT_221123_01_F10,ATACSeq,IlluminaNovaseq6000,GRCh38,R8XA-22120604,L8AT_221123_01,10x,,SI-NA-F10,,ATX-1509,False,forward,50bp,pairedEnd,,,0.9379,0.9248
221,M2AT_221122_221_D01,L8AT_221123_01_G10,ATACSeq,IlluminaNovaseq6000,GRCh38,R8XA-22120604,L8AT_221123_01,10x,,SI-NA-G10,,ATX-1509,False,forward,50bp,pairedEnd,,,0.9368,0.9226
222,M1AT_221129_221_A01,L8AT_221130_01_D11,ATACSeq,IlluminaNovaseq6000,GRCh38,R8XA-22121302,L8AT_221130_01,10x,,SI-NA-D11,,ATX-1510,False,forward,50bp,pairedEnd,,,0.9226,0.9125
223,M2AT_221202_226_B01,L8AT_221206_01_B12,ATACSeq,IlluminaNovaseq6000,GRCh38,R8XA-22121302,L8AT_221206_01,10x,,SI-NA-B12,,ATX-1510,False,forward,50bp,pairedEnd,,,0.922,0.9112
224,M2AT_221202_226_C01,L8AT_221206_01_C12,ATACSeq,IlluminaNovaseq6000,GRCh38,R8XA-22121302,L8AT_221206_01,10x,,SI-NA-C12,,ATX-1510,False,forward,50bp,pairedEnd,,,0.9233,0.9091
225,M1AT_221129_221_B01,L8AT_221130_01_A11,ATACSeq,IlluminaNovaseq6000,GRCh38,R8XA-22121302,L8AT_221130_01,10x,,SI-NA-A11,,ATX-1510,False,forward,50bp,pairedEnd,,,0.9227,0.9125
226,M1AT_221129_221_C01,L8AT_221130_01_B11,ATACSeq,IlluminaNovaseq6000,GRCh38,R8XA-22121302,L8AT_221130_01,10x,,SI-NA-B11,,ATX-1510,False,forward,50bp,pairedEnd,,,0.9215,0.9116
227,M1AT_221129_221_D01,L8AT_221130_01_C11,ATACSeq,IlluminaNovaseq6000,GRCh38,R8XA-22121302,L8AT_221130_01,10x,,SI-NA-C11,,ATX-1510,False,forward,50bp,pairedEnd,,,0.9207,0.9106
228,M1AT_221201_221_A01,L8AT_221206_01_E11,ATACSeq,IlluminaNovaseq6000,GRCh38,R8XA-22121302,L8AT_221206_01,10x,,SI-NA-E11,,ATX-1510,False,forward,50bp,pairedEnd,,,0.923,0.9039
229,M1AT_221201_221_B01,L8AT_221206_01_F11,ATACSeq,IlluminaNovaseq6000,GRCh38,R8XA-22121302,L8AT_221206_01,10x,,SI-NA-F11,,ATX-1510,False,forward,50bp,pairedEnd,,,0.9233,0.9061
230,M1AT_221201_221_C01,L8AT_221206_01_G11,ATACSeq,IlluminaNovaseq6000,GRCh38,R8XA-22121302,L8AT_221206_01,10x,,SI-NA-G11,,ATX-1510,False,forward,50bp,pairedEnd,,,0.9222,0.903
231,M1AT_221201_221_D01,L8AT_221206_01_H11,ATACSeq,IlluminaNovaseq6000,GRCh38,R8XA-22121302,L8AT_221206_01,10x,,SI-NA-H11,,ATX-1510,False,forward,50bp,pairedEnd,,,0.9224,0.9097
232,M2AT_221202_226_A01,L8AT_221206_01_A12,ATACSeq,IlluminaNovaseq6000,GRCh38,R8XA-22121302,L8AT_221206_01,10x,,SI-NA-A12,,ATX-1510,False,forward,50bp,pairedEnd,,,0.9243,0.9062
233,M2AT_221014_227_C01,L8AT_221018_01_E11,ATACSeq,IlluminaNovaseq6000,GRCh38,R8XA-22102504,L8AT_221018_01,10x,,SI-NA-E11,,ATX-619,False,forward,50bp,pairedEnd,,,0.8995,0.9578
234,M2AT_221021_206_A01,L8AT_221025_01_D08,ATACSeq,IlluminaNovaseq6000,GRCh38,R8XA-22110103,L8AT_221025_01,10x,,SI-NA-D8,,ATX-620,False,forward,50bp,pairedEnd,,,0.9543,0.9532
235,M2AT_221021_206_B01,L8AT_221025_01_E08,ATACSeq,IlluminaNovaseq6000,GRCh38,R8XA-22111504,L8AT_221025_01,10x,,SI-NA-E8,,ATX-621,False,forward,50bp,pairedEnd,,,0.9631,0.9601
236,M2AT_221021_206_C01,L8AT_221025_01_F08,ATACSeq,IlluminaNovaseq6000,GRCh38,R8XA-22111504,L8AT_221025_01,10x,,SI-NA-F8,,ATX-621,False,forward,50bp,pairedEnd,,,0.965,0.9572
237,M1AT_221212_206_A01,L8AT_221215_04_C02,ATACSeq,IlluminaNovaseq6000,GRCh38,R8XA-23011803,L8AT_221215_04,10x,,SI-NA-C2,,ATX-624,False,forward,50bp,pairedEnd,,,0.9651,0.9573
