project,clock_name,modality,cell_type,feature,coefficient,importance,rank,model_type
pfc_to_perturbation,gse294103_sirt6_peaks_ridge_clock,ATAC,All cells,pfc_peak_100805,-0.0970500551893625,,151,RidgeCV
pfc_to_perturbation,gse294103_sirt6_peaks_ridge_clock,ATAC,All cells,pfc_peak_10185,-0.1043142410298191,,112,RidgeCV
pfc_to_perturbation,gse294103_sirt6_peaks_ridge_clock,ATAC,All cells,pfc_peak_105836,-0.1411829574480723,,23,RidgeCV
pfc_to_perturbation,gse294103_sirt6_peaks_ridge_clock,ATAC,All cells,pfc_peak_106332,0.0936911319734924,,177,RidgeCV
pfc_to_perturbation,gse294103_sirt6_peaks_ridge_clock,ATAC,All cells,pfc_peak_107153,-0.0958949346365778,,156,RidgeCV
pfc_to_perturbation,gse294103_sirt6_peaks_ridge_clock,ATAC,All cells,pfc_peak_108415,-0.1479718127796923,,20,RidgeCV
pfc_to_perturbation,gse294103_sirt6_peaks_ridge_clock,ATAC,All cells,pfc_peak_113538,0.0927893260047954,,190,RidgeCV
pfc_to_perturbation,gse294103_sirt6_peaks_ridge_clock,ATAC,All cells,pfc_peak_113817,0.1112012106482048,,78,RidgeCV
pfc_to_perturbation,gse294103_sirt6_peaks_ridge_clock,ATAC,All cells,pfc_peak_114209,-0.1202622263575584,,52,RidgeCV
pfc_to_perturbation,gse294103_sirt6_peaks_ridge_clock,ATAC,All cells,pfc_peak_11629,0.0998054215765433,,135,RidgeCV
pfc_to_perturbation,gse294103_sirt6_peaks_ridge_clock,ATAC,All cells,pfc_peak_118422,0.0941670011531354,,171,RidgeCV
pfc_to_perturbation,gse294103_sirt6_peaks_ridge_clock,ATAC,All cells,pfc_peak_118499,-0.0938258449188732,,174,RidgeCV
pfc_to_perturbation,gse294103_sirt6_peaks_ridge_clock,ATAC,All cells,pfc_peak_118558,-0.1062476289569488,,99,RidgeCV
pfc_to_perturbation,gse294103_sirt6_peaks_ridge_clock,ATAC,All cells,pfc_peak_118758,0.0994837622705553,,138,RidgeCV
pfc_to_perturbation,gse294103_sirt6_peaks_ridge_clock,ATAC,All cells,pfc_peak_119017,-0.0928273972508105,,187,RidgeCV
pfc_to_perturbation,gse294103_sirt6_peaks_ridge_clock,ATAC,All cells,pfc_peak_119361,-0.1050097054200861,,106,RidgeCV
pfc_to_perturbation,gse294103_sirt6_peaks_ridge_clock,ATAC,All cells,pfc_peak_121723,-0.1198779427666929,,54,RidgeCV
pfc_to_perturbation,gse294103_sirt6_peaks_ridge_clock,ATAC,All cells,pfc_peak_122207,-0.0948485079986699,,164,RidgeCV
pfc_to_perturbation,gse294103_sirt6_peaks_ridge_clock,ATAC,All cells,pfc_peak_125228,0.1012027589971632,,128,RidgeCV
pfc_to_perturbation,gse294103_sirt6_peaks_ridge_clock,ATAC,All cells,pfc_peak_126470,-0.1078628436829107,,90,RidgeCV
pfc_to_perturbation,gse294103_sirt6_peaks_ridge_clock,ATAC,All cells,pfc_peak_127003,0.1038451671731912,,113,RidgeCV
pfc_to_perturbation,gse294103_sirt6_peaks_ridge_clock,ATAC,All cells,pfc_peak_129129,-0.11633940221038,,64,RidgeCV
pfc_to_perturbation,gse294103_sirt6_peaks_ridge_clock,ATAC,All cells,pfc_peak_129589,0.1488293653609073,,16,RidgeCV
pfc_to_perturbation,gse294103_sirt6_peaks_ridge_clock,ATAC,All cells,pfc_peak_131455,0.1178391437871164,,58,RidgeCV
pfc_to_perturbation,gse294103_sirt6_peaks_ridge_clock,ATAC,All cells,pfc_peak_131456,0.1852660713780601,,6,RidgeCV
pfc_to_perturbation,gse294103_sirt6_peaks_ridge_clock,ATAC,All cells,pfc_peak_132270,0.1397406061064315,,26,RidgeCV
pfc_to_perturbation,gse294103_sirt6_peaks_ridge_clock,ATAC,All cells,pfc_peak_133933,-0.0932366546207817,,184,RidgeCV
pfc_to_perturbation,gse294103_sirt6_peaks_ridge_clock,ATAC,All cells,pfc_peak_139990,0.1002700184186497,,132,RidgeCV
pfc_to_perturbation,gse294103_sirt6_peaks_ridge_clock,ATAC,All cells,pfc_peak_140971,0.0986746573419125,,141,RidgeCV
pfc_to_perturbation,gse294103_sirt6_peaks_ridge_clock,ATAC,All cells,pfc_peak_142698,-0.1252104976466082,,47,RidgeCV
pfc_to_perturbation,gse294103_sirt6_peaks_ridge_clock,ATAC,All cells,pfc_peak_148014,0.1101098759214909,,82,RidgeCV
pfc_to_perturbation,gse294103_sirt6_peaks_ridge_clock,ATAC,All cells,pfc_peak_149010,-0.1327675233055688,,37,RidgeCV
pfc_to_perturbation,gse294103_sirt6_peaks_ridge_clock,ATAC,All cells,pfc_peak_150496,-0.0941013777476641,,172,RidgeCV
pfc_to_perturbation,gse294103_sirt6_peaks_ridge_clock,ATAC,All cells,pfc_peak_153657,-0.1047955540535946,,108,RidgeCV
pfc_to_perturbation,gse294103_sirt6_peaks_ridge_clock,ATAC,All cells,pfc_peak_162312,0.1035957095979524,,115,RidgeCV
pfc_to_perturbation,gse294103_sirt6_peaks_ridge_clock,ATAC,All cells,pfc_peak_163539,0.1046590019981247,,110,RidgeCV
pfc_to_perturbation,gse294103_sirt6_peaks_ridge_clock,ATAC,All cells,pfc_peak_17043,-0.1189053598313573,,56,RidgeCV
pfc_to_perturbation,gse294103_sirt6_peaks_ridge_clock,ATAC,All cells,pfc_peak_170933,-0.1863068020907431,,5,RidgeCV
pfc_to_perturbation,gse294103_sirt6_peaks_ridge_clock,ATAC,All cells,pfc_peak_170936,-0.1595447567792216,,13,RidgeCV
pfc_to_perturbation,gse294103_sirt6_peaks_ridge_clock,ATAC,All cells,pfc_peak_170937,-0.1380134177256551,,29,RidgeCV
pfc_to_perturbation,gse294103_sirt6_peaks_ridge_clock,ATAC,All cells,pfc_peak_173209,-0.1106500768691894,,79,RidgeCV
pfc_to_perturbation,gse294103_sirt6_peaks_ridge_clock,ATAC,All cells,pfc_peak_175134,-0.1037686887636535,,114,RidgeCV
pfc_to_perturbation,gse294103_sirt6_peaks_ridge_clock,ATAC,All cells,pfc_peak_178375,-0.139121345596082,,27,RidgeCV
pfc_to_perturbation,gse294103_sirt6_peaks_ridge_clock,ATAC,All cells,pfc_peak_17848,0.1181992664961096,,57,RidgeCV
pfc_to_perturbation,gse294103_sirt6_peaks_ridge_clock,ATAC,All cells,pfc_peak_180729,0.1020632030316124,,123,RidgeCV
pfc_to_perturbation,gse294103_sirt6_peaks_ridge_clock,ATAC,All cells,pfc_peak_182271,-0.1093719012617319,,85,RidgeCV
pfc_to_perturbation,gse294103_sirt6_peaks_ridge_clock,ATAC,All cells,pfc_peak_183015,0.0937608880010937,,175,RidgeCV
pfc_to_perturbation,gse294103_sirt6_peaks_ridge_clock,ATAC,All cells,pfc_peak_184063,-0.1482928456576026,,19,RidgeCV
pfc_to_perturbation,gse294103_sirt6_peaks_ridge_clock,ATAC,All cells,pfc_peak_184459,-0.1199173755042998,,53,RidgeCV
pfc_to_perturbation,gse294103_sirt6_peaks_ridge_clock,ATAC,All cells,pfc_peak_186146,-0.2120961763041602,,1,RidgeCV
pfc_to_perturbation,gse294103_sirt6_peaks_ridge_clock,ATAC,All cells,pfc_peak_186488,0.0979784215311159,,145,RidgeCV
pfc_to_perturbation,gse294103_sirt6_peaks_ridge_clock,ATAC,All cells,pfc_peak_186831,-0.0995338566731302,,137,RidgeCV
pfc_to_perturbation,gse294103_sirt6_peaks_ridge_clock,ATAC,All cells,pfc_peak_188048,0.1066217189854992,,98,RidgeCV
pfc_to_perturbation,gse294103_sirt6_peaks_ridge_clock,ATAC,All cells,pfc_peak_188248,0.1369602757389794,,31,RidgeCV
pfc_to_perturbation,gse294103_sirt6_peaks_ridge_clock,ATAC,All cells,pfc_peak_188262,0.1260582637715443,,44,RidgeCV
pfc_to_perturbation,gse294103_sirt6_peaks_ridge_clock,ATAC,All cells,pfc_peak_188722,0.1420683046562947,,22,RidgeCV
pfc_to_perturbation,gse294103_sirt6_peaks_ridge_clock,ATAC,All cells,pfc_peak_188728,-0.1315972780100029,,39,RidgeCV
pfc_to_perturbation,gse294103_sirt6_peaks_ridge_clock,ATAC,All cells,pfc_peak_189402,-0.0959191841564336,,155,RidgeCV
pfc_to_perturbation,gse294103_sirt6_peaks_ridge_clock,ATAC,All cells,pfc_peak_190146,-0.093243209809254,,183,RidgeCV
pfc_to_perturbation,gse294103_sirt6_peaks_ridge_clock,ATAC,All cells,pfc_peak_194138,-0.1076695093745192,,92,RidgeCV
pfc_to_perturbation,gse294103_sirt6_peaks_ridge_clock,ATAC,All cells,pfc_peak_197187,0.092129012994059,,199,RidgeCV
pfc_to_perturbation,gse294103_sirt6_peaks_ridge_clock,ATAC,All cells,pfc_peak_199269,-0.0927216409292971,,191,RidgeCV
pfc_to_perturbation,gse294103_sirt6_peaks_ridge_clock,ATAC,All cells,pfc_peak_199493,-0.0976519833934569,,147,RidgeCV
pfc_to_perturbation,gse294103_sirt6_peaks_ridge_clock,ATAC,All cells,pfc_peak_199494,-0.0967037350641872,,152,RidgeCV
pfc_to_perturbation,gse294103_sirt6_peaks_ridge_clock,ATAC,All cells,pfc_peak_202358,-0.0948481785339016,,165,RidgeCV
pfc_to_perturbation,gse294103_sirt6_peaks_ridge_clock,ATAC,All cells,pfc_peak_203355,-0.1256434722432162,,46,RidgeCV
pfc_to_perturbation,gse294103_sirt6_peaks_ridge_clock,ATAC,All cells,pfc_peak_205372,0.0955715062825687,,159,RidgeCV
pfc_to_perturbation,gse294103_sirt6_peaks_ridge_clock,ATAC,All cells,pfc_peak_205373,0.1022186342409857,,122,RidgeCV
pfc_to_perturbation,gse294103_sirt6_peaks_ridge_clock,ATAC,All cells,pfc_peak_206747,0.0944099740416655,,167,RidgeCV
pfc_to_perturbation,gse294103_sirt6_peaks_ridge_clock,ATAC,All cells,pfc_peak_208131,0.0936757705506994,,178,RidgeCV
pfc_to_perturbation,gse294103_sirt6_peaks_ridge_clock,ATAC,All cells,pfc_peak_208328,0.0979880383344194,,144,RidgeCV
pfc_to_perturbation,gse294103_sirt6_peaks_ridge_clock,ATAC,All cells,pfc_peak_208358,0.1079156301959334,,88,RidgeCV
pfc_to_perturbation,gse294103_sirt6_peaks_ridge_clock,ATAC,All cells,pfc_peak_21458,0.0989054767713343,,139,RidgeCV
pfc_to_perturbation,gse294103_sirt6_peaks_ridge_clock,ATAC,All cells,pfc_peak_215168,0.0958547224503702,,158,RidgeCV
pfc_to_perturbation,gse294103_sirt6_peaks_ridge_clock,ATAC,All cells,pfc_peak_215646,-0.0921309175277864,,198,RidgeCV
pfc_to_perturbation,gse294103_sirt6_peaks_ridge_clock,ATAC,All cells,pfc_peak_216933,0.1115249887493376,,77,RidgeCV
pfc_to_perturbation,gse294103_sirt6_peaks_ridge_clock,ATAC,All cells,pfc_peak_22000,-0.1075115432497323,,93,RidgeCV
pfc_to_perturbation,gse294103_sirt6_peaks_ridge_clock,ATAC,All cells,pfc_peak_222042,-0.1315320406116265,,41,RidgeCV
pfc_to_perturbation,gse294103_sirt6_peaks_ridge_clock,ATAC,All cells,pfc_peak_222677,-0.1033687472944444,,116,RidgeCV
pfc_to_perturbation,gse294103_sirt6_peaks_ridge_clock,ATAC,All cells,pfc_peak_225342,-0.0936979871876905,,176,RidgeCV
pfc_to_perturbation,gse294103_sirt6_peaks_ridge_clock,ATAC,All cells,pfc_peak_229999,-0.117819424378443,,59,RidgeCV
pfc_to_perturbation,gse294103_sirt6_peaks_ridge_clock,ATAC,All cells,pfc_peak_230874,0.1368623544949308,,33,RidgeCV
pfc_to_perturbation,gse294103_sirt6_peaks_ridge_clock,ATAC,All cells,pfc_peak_230928,0.1624729408446956,,10,RidgeCV
pfc_to_perturbation,gse294103_sirt6_peaks_ridge_clock,ATAC,All cells,pfc_peak_230931,0.1486337998517075,,18,RidgeCV
pfc_to_perturbation,gse294103_sirt6_peaks_ridge_clock,ATAC,All cells,pfc_peak_232584,-0.106836252963615,,96,RidgeCV
pfc_to_perturbation,gse294103_sirt6_peaks_ridge_clock,ATAC,All cells,pfc_peak_234881,-0.1046849112733754,,109,RidgeCV
pfc_to_perturbation,gse294103_sirt6_peaks_ridge_clock,ATAC,All cells,pfc_peak_234951,-0.1245431059894865,,48,RidgeCV
pfc_to_perturbation,gse294103_sirt6_peaks_ridge_clock,ATAC,All cells,pfc_peak_240374,0.0925780364738272,,192,RidgeCV
pfc_to_perturbation,gse294103_sirt6_peaks_ridge_clock,ATAC,All cells,pfc_peak_250310,-0.1029274314887375,,119,RidgeCV
pfc_to_perturbation,gse294103_sirt6_peaks_ridge_clock,ATAC,All cells,pfc_peak_251712,-0.1279413248543589,,43,RidgeCV
pfc_to_perturbation,gse294103_sirt6_peaks_ridge_clock,ATAC,All cells,pfc_peak_252776,0.0984868958834394,,143,RidgeCV
pfc_to_perturbation,gse294103_sirt6_peaks_ridge_clock,ATAC,All cells,pfc_peak_258500,-0.1357784000866972,,35,RidgeCV
pfc_to_perturbation,gse294103_sirt6_peaks_ridge_clock,ATAC,All cells,pfc_peak_258599,0.1015306257176231,,127,RidgeCV
pfc_to_perturbation,gse294103_sirt6_peaks_ridge_clock,ATAC,All cells,pfc_peak_262032,0.1003225172679424,,131,RidgeCV
pfc_to_perturbation,gse294103_sirt6_peaks_ridge_clock,ATAC,All cells,pfc_peak_262787,-0.1019355207064239,,124,RidgeCV
pfc_to_perturbation,gse294103_sirt6_peaks_ridge_clock,ATAC,All cells,pfc_peak_272671,-0.1160280433314241,,65,RidgeCV
pfc_to_perturbation,gse294103_sirt6_peaks_ridge_clock,ATAC,All cells,pfc_peak_277257,-0.0965618128928027,,153,RidgeCV
pfc_to_perturbation,gse294103_sirt6_peaks_ridge_clock,ATAC,All cells,pfc_peak_278405,-0.0935841168736738,,179,RidgeCV
pfc_to_perturbation,gse294103_sirt6_peaks_ridge_clock,ATAC,All cells,pfc_peak_281024,0.1125543118947084,,73,RidgeCV
pfc_to_perturbation,gse294103_sirt6_peaks_ridge_clock,ATAC,All cells,pfc_peak_284824,0.1016121105381668,,126,RidgeCV
pfc_to_perturbation,gse294103_sirt6_peaks_ridge_clock,ATAC,All cells,pfc_peak_291121,-0.1149740160632104,,67,RidgeCV
pfc_to_perturbation,gse294103_sirt6_peaks_ridge_clock,ATAC,All cells,pfc_peak_292625,-0.151798160679707,,15,RidgeCV
pfc_to_perturbation,gse294103_sirt6_peaks_ridge_clock,ATAC,All cells,pfc_peak_293230,0.1093406432613684,,86,RidgeCV
pfc_to_perturbation,gse294103_sirt6_peaks_ridge_clock,ATAC,All cells,pfc_peak_294323,-0.1595492016917291,,12,RidgeCV
pfc_to_perturbation,gse294103_sirt6_peaks_ridge_clock,ATAC,All cells,pfc_peak_294413,-0.1023265319592422,,120,RidgeCV
pfc_to_perturbation,gse294103_sirt6_peaks_ridge_clock,ATAC,All cells,pfc_peak_296004,0.104508074608239,,111,RidgeCV
pfc_to_perturbation,gse294103_sirt6_peaks_ridge_clock,ATAC,All cells,pfc_peak_2962,-0.0948931576255495,,163,RidgeCV
pfc_to_perturbation,gse294103_sirt6_peaks_ridge_clock,ATAC,All cells,pfc_peak_300396,-0.105165661045457,,104,RidgeCV
pfc_to_perturbation,gse294103_sirt6_peaks_ridge_clock,ATAC,All cells,pfc_peak_302483,0.1051590051749672,,105,RidgeCV
pfc_to_perturbation,gse294103_sirt6_peaks_ridge_clock,ATAC,All cells,pfc_peak_303615,0.0995768065853895,,136,RidgeCV
pfc_to_perturbation,gse294103_sirt6_peaks_ridge_clock,ATAC,All cells,pfc_peak_304481,0.1007964372677288,,130,RidgeCV
pfc_to_perturbation,gse294103_sirt6_peaks_ridge_clock,ATAC,All cells,pfc_peak_304484,0.1400352504425399,,25,RidgeCV
pfc_to_perturbation,gse294103_sirt6_peaks_ridge_clock,ATAC,All cells,pfc_peak_308496,0.1098903358771825,,84,RidgeCV
pfc_to_perturbation,gse294103_sirt6_peaks_ridge_clock,ATAC,All cells,pfc_peak_314157,-0.1077436515558158,,91,RidgeCV
pfc_to_perturbation,gse294103_sirt6_peaks_ridge_clock,ATAC,All cells,pfc_peak_314173,-0.1230203706780808,,49,RidgeCV
pfc_to_perturbation,gse294103_sirt6_peaks_ridge_clock,ATAC,All cells,pfc_peak_316599,0.1369521922816131,,32,RidgeCV
pfc_to_perturbation,gse294103_sirt6_peaks_ridge_clock,ATAC,All cells,pfc_peak_316609,0.1831539301129693,,7,RidgeCV
pfc_to_perturbation,gse294103_sirt6_peaks_ridge_clock,ATAC,All cells,pfc_peak_329280,-0.0945274637800305,,166,RidgeCV
pfc_to_perturbation,gse294103_sirt6_peaks_ridge_clock,ATAC,All cells,pfc_peak_332555,-0.1116360470241054,,76,RidgeCV
pfc_to_perturbation,gse294103_sirt6_peaks_ridge_clock,ATAC,All cells,pfc_peak_334397,0.0952510135823582,,161,RidgeCV
pfc_to_perturbation,gse294103_sirt6_peaks_ridge_clock,ATAC,All cells,pfc_peak_33719,-0.1205741016429273,,51,RidgeCV
pfc_to_perturbation,gse294103_sirt6_peaks_ridge_clock,ATAC,All cells,pfc_peak_341127,-0.110504245951458,,80,RidgeCV
pfc_to_perturbation,gse294103_sirt6_peaks_ridge_clock,ATAC,All cells,pfc_peak_343730,-0.1354664194073174,,36,RidgeCV
pfc_to_perturbation,gse294103_sirt6_peaks_ridge_clock,ATAC,All cells,pfc_peak_35470,-0.0928145552247078,,189,RidgeCV
pfc_to_perturbation,gse294103_sirt6_peaks_ridge_clock,ATAC,All cells,pfc_peak_35658,-0.0975142659784426,,148,RidgeCV
pfc_to_perturbation,gse294103_sirt6_peaks_ridge_clock,ATAC,All cells,pfc_peak_363466,0.2042781490435779,,3,RidgeCV
pfc_to_perturbation,gse294103_sirt6_peaks_ridge_clock,ATAC,All cells,pfc_peak_363489,0.1083727263819468,,87,RidgeCV
pfc_to_perturbation,gse294103_sirt6_peaks_ridge_clock,ATAC,All cells,pfc_peak_367759,-0.1102832274676902,,81,RidgeCV
pfc_to_perturbation,gse294103_sirt6_peaks_ridge_clock,ATAC,All cells,pfc_peak_368356,-0.0978520050732457,,146,RidgeCV
pfc_to_perturbation,gse294103_sirt6_peaks_ridge_clock,ATAC,All cells,pfc_peak_36914,0.094296244415789,,168,RidgeCV
pfc_to_perturbation,gse294103_sirt6_peaks_ridge_clock,ATAC,All cells,pfc_peak_373050,-0.1078760715598461,,89,RidgeCV
pfc_to_perturbation,gse294103_sirt6_peaks_ridge_clock,ATAC,All cells,pfc_peak_375006,-0.1130374948376919,,71,RidgeCV
pfc_to_perturbation,gse294103_sirt6_peaks_ridge_clock,ATAC,All cells,pfc_peak_379251,-0.1017125755318579,,125,RidgeCV
pfc_to_perturbation,gse294103_sirt6_peaks_ridge_clock,ATAC,All cells,pfc_peak_381102,-0.1069701416529527,,95,RidgeCV
pfc_to_perturbation,gse294103_sirt6_peaks_ridge_clock,ATAC,All cells,pfc_peak_385973,-0.1454178603119902,,21,RidgeCV
pfc_to_perturbation,gse294103_sirt6_peaks_ridge_clock,ATAC,All cells,pfc_peak_392647,-0.1191863706568716,,55,RidgeCV
pfc_to_perturbation,gse294103_sirt6_peaks_ridge_clock,ATAC,All cells,pfc_peak_3928,0.1145214876349439,,70,RidgeCV
pfc_to_perturbation,gse294103_sirt6_peaks_ridge_clock,ATAC,All cells,pfc_peak_39399,0.0970646983595915,,150,RidgeCV
pfc_to_perturbation,gse294103_sirt6_peaks_ridge_clock,ATAC,All cells,pfc_peak_394214,-0.0928273192404033,,188,RidgeCV
pfc_to_perturbation,gse294103_sirt6_peaks_ridge_clock,ATAC,All cells,pfc_peak_39736,-0.1160114855749737,,66,RidgeCV
pfc_to_perturbation,gse294103_sirt6_peaks_ridge_clock,ATAC,All cells,pfc_peak_398186,-0.1054919833770415,,102,RidgeCV
pfc_to_perturbation,gse294103_sirt6_peaks_ridge_clock,ATAC,All cells,pfc_peak_402292,0.105856724709666,,101,RidgeCV
pfc_to_perturbation,gse294103_sirt6_peaks_ridge_clock,ATAC,All cells,pfc_peak_404425,-0.1054492447182558,,103,RidgeCV
pfc_to_perturbation,gse294103_sirt6_peaks_ridge_clock,ATAC,All cells,pfc_peak_407280,-0.1030259121991913,,118,RidgeCV
pfc_to_perturbation,gse294103_sirt6_peaks_ridge_clock,ATAC,All cells,pfc_peak_410421,0.0972826498611884,,149,RidgeCV
pfc_to_perturbation,gse294103_sirt6_peaks_ridge_clock,ATAC,All cells,pfc_peak_412432,-0.0931486075459212,,185,RidgeCV
pfc_to_perturbation,gse294103_sirt6_peaks_ridge_clock,ATAC,All cells,pfc_peak_412565,-0.0922537834677077,,196,RidgeCV
pfc_to_perturbation,gse294103_sirt6_peaks_ridge_clock,ATAC,All cells,pfc_peak_41850,-0.0925562186969371,,193,RidgeCV
pfc_to_perturbation,gse294103_sirt6_peaks_ridge_clock,ATAC,All cells,pfc_peak_420197,-0.2054256854080668,,2,RidgeCV
pfc_to_perturbation,gse294103_sirt6_peaks_ridge_clock,ATAC,All cells,pfc_peak_421150,-0.1319869725330178,,38,RidgeCV
pfc_to_perturbation,gse294103_sirt6_peaks_ridge_clock,ATAC,All cells,pfc_peak_422210,0.1175106735641901,,61,RidgeCV
pfc_to_perturbation,gse294103_sirt6_peaks_ridge_clock,ATAC,All cells,pfc_peak_422244,0.1010820477136351,,129,RidgeCV
pfc_to_perturbation,gse294103_sirt6_peaks_ridge_clock,ATAC,All cells,pfc_peak_422730,0.1302853615682282,,42,RidgeCV
pfc_to_perturbation,gse294103_sirt6_peaks_ridge_clock,ATAC,All cells,pfc_peak_423824,0.1067671328189562,,97,RidgeCV
pfc_to_perturbation,gse294103_sirt6_peaks_ridge_clock,ATAC,All cells,pfc_peak_423914,-0.114801535914286,,68,RidgeCV
pfc_to_perturbation,gse294103_sirt6_peaks_ridge_clock,ATAC,All cells,pfc_peak_424475,-0.0934859227286865,,180,RidgeCV
pfc_to_perturbation,gse294103_sirt6_peaks_ridge_clock,ATAC,All cells,pfc_peak_428491,0.1022524833371261,,121,RidgeCV
pfc_to_perturbation,gse294103_sirt6_peaks_ridge_clock,ATAC,All cells,pfc_peak_429446,-0.1001055644364173,,133,RidgeCV
pfc_to_perturbation,gse294103_sirt6_peaks_ridge_clock,ATAC,All cells,pfc_peak_430025,-0.1074661211817068,,94,RidgeCV
pfc_to_perturbation,gse294103_sirt6_peaks_ridge_clock,ATAC,All cells,pfc_peak_43403,0.0929633638809841,,186,RidgeCV
pfc_to_perturbation,gse294103_sirt6_peaks_ridge_clock,ATAC,All cells,pfc_peak_436538,0.1383029201680541,,28,RidgeCV
pfc_to_perturbation,gse294103_sirt6_peaks_ridge_clock,ATAC,All cells,pfc_peak_436541,0.1652087400683808,,9,RidgeCV
pfc_to_perturbation,gse294103_sirt6_peaks_ridge_clock,ATAC,All cells,pfc_peak_436542,0.1584876061905815,,14,RidgeCV
pfc_to_perturbation,gse294103_sirt6_peaks_ridge_clock,ATAC,All cells,pfc_peak_439537,0.1376118329154347,,30,RidgeCV
pfc_to_perturbation,gse294103_sirt6_peaks_ridge_clock,ATAC,All cells,pfc_peak_439751,0.1049511052489407,,107,RidgeCV
pfc_to_perturbation,gse294103_sirt6_peaks_ridge_clock,ATAC,All cells,pfc_peak_447418,-0.0940725298183998,,173,RidgeCV
pfc_to_perturbation,gse294103_sirt6_peaks_ridge_clock,ATAC,All cells,pfc_peak_447963,0.33536372936346,,0,RidgeCV
pfc_to_perturbation,gse294103_sirt6_peaks_ridge_clock,ATAC,All cells,pfc_peak_447964,0.1737549362200089,,8,RidgeCV
pfc_to_perturbation,gse294103_sirt6_peaks_ridge_clock,ATAC,All cells,pfc_peak_448192,0.1126233472892993,,72,RidgeCV
pfc_to_perturbation,gse294103_sirt6_peaks_ridge_clock,ATAC,All cells,pfc_peak_45433,-0.1171067633388667,,63,RidgeCV
pfc_to_perturbation,gse294103_sirt6_peaks_ridge_clock,ATAC,All cells,pfc_peak_457546,-0.1362348500598735,,34,RidgeCV
pfc_to_perturbation,gse294103_sirt6_peaks_ridge_clock,ATAC,All cells,pfc_peak_460990,0.0942350935089122,,169,RidgeCV
pfc_to_perturbation,gse294103_sirt6_peaks_ridge_clock,ATAC,All cells,pfc_peak_461877,0.094222602766495,,170,RidgeCV
pfc_to_perturbation,gse294103_sirt6_peaks_ridge_clock,ATAC,All cells,pfc_peak_464229,0.0986579168969738,,142,RidgeCV
pfc_to_perturbation,gse294103_sirt6_peaks_ridge_clock,ATAC,All cells,pfc_peak_465798,-0.1146504952030179,,69,RidgeCV
pfc_to_perturbation,gse294103_sirt6_peaks_ridge_clock,ATAC,All cells,pfc_peak_474081,-0.1486678211572729,,17,RidgeCV
pfc_to_perturbation,gse294103_sirt6_peaks_ridge_clock,ATAC,All cells,pfc_peak_474654,-0.1173437980206968,,62,RidgeCV
pfc_to_perturbation,gse294103_sirt6_peaks_ridge_clock,ATAC,All cells,pfc_peak_477313,-0.0922302009624186,,197,RidgeCV
pfc_to_perturbation,gse294103_sirt6_peaks_ridge_clock,ATAC,All cells,pfc_peak_482453,-0.1124754735351291,,74,RidgeCV
pfc_to_perturbation,gse294103_sirt6_peaks_ridge_clock,ATAC,All cells,pfc_peak_482460,0.131568304781335,,40,RidgeCV
pfc_to_perturbation,gse294103_sirt6_peaks_ridge_clock,ATAC,All cells,pfc_peak_484105,0.0958615036632688,,157,RidgeCV
pfc_to_perturbation,gse294103_sirt6_peaks_ridge_clock,ATAC,All cells,pfc_peak_490925,-0.0933211422676828,,182,RidgeCV
pfc_to_perturbation,gse294103_sirt6_peaks_ridge_clock,ATAC,All cells,pfc_peak_490977,-0.1260131641183138,,45,RidgeCV
pfc_to_perturbation,gse294103_sirt6_peaks_ridge_clock,ATAC,All cells,pfc_peak_499280,0.1595839003401486,,11,RidgeCV
pfc_to_perturbation,gse294103_sirt6_peaks_ridge_clock,ATAC,All cells,pfc_peak_504333,0.1404002774692946,,24,RidgeCV
pfc_to_perturbation,gse294103_sirt6_peaks_ridge_clock,ATAC,All cells,pfc_peak_53013,-0.1030704858890992,,117,RidgeCV
pfc_to_perturbation,gse294103_sirt6_peaks_ridge_clock,ATAC,All cells,pfc_peak_57012,-0.0965592759439082,,154,RidgeCV
pfc_to_perturbation,gse294103_sirt6_peaks_ridge_clock,ATAC,All cells,pfc_peak_62561,-0.1100015739139726,,83,RidgeCV
pfc_to_perturbation,gse294103_sirt6_peaks_ridge_clock,ATAC,All cells,pfc_peak_69430,0.0933865175472641,,181,RidgeCV
pfc_to_perturbation,gse294103_sirt6_peaks_ridge_clock,ATAC,All cells,pfc_peak_70530,-0.117543961459471,,60,RidgeCV
pfc_to_perturbation,gse294103_sirt6_peaks_ridge_clock,ATAC,All cells,pfc_peak_72362,-0.0953514689658176,,160,RidgeCV
pfc_to_perturbation,gse294103_sirt6_peaks_ridge_clock,ATAC,All cells,pfc_peak_72978,0.1990514839883713,,4,RidgeCV
pfc_to_perturbation,gse294103_sirt6_peaks_ridge_clock,ATAC,All cells,pfc_peak_75653,0.1124641732851139,,75,RidgeCV
pfc_to_perturbation,gse294103_sirt6_peaks_ridge_clock,ATAC,All cells,pfc_peak_75686,0.1225406083431872,,50,RidgeCV
pfc_to_perturbation,gse294103_sirt6_peaks_ridge_clock,ATAC,All cells,pfc_peak_80262,0.0924259475392054,,195,RidgeCV
pfc_to_perturbation,gse294103_sirt6_peaks_ridge_clock,ATAC,All cells,pfc_peak_85690,0.0951520877675825,,162,RidgeCV
pfc_to_perturbation,gse294103_sirt6_peaks_ridge_clock,ATAC,All cells,pfc_peak_89245,0.0998208806290756,,134,RidgeCV
pfc_to_perturbation,gse294103_sirt6_peaks_ridge_clock,ATAC,All cells,pfc_peak_97840,0.0925521696161887,,194,RidgeCV
pfc_to_perturbation,gse294103_sirt6_peaks_ridge_clock,ATAC,All cells,pfc_peak_98783,0.1061978319709613,,100,RidgeCV
pfc_to_perturbation,gse294103_sirt6_peaks_ridge_clock,ATAC,All cells,pfc_peak_99092,-0.0987323083527786,,140,RidgeCV
